smiles,y,split,cluster
C/C(=N\OC(C)C)c1ccc2c(c1)c1c3c(c4c(c1n2CC(C)C)CCc1nn(C)cc1-4)C(=O)NC3,7.897940009,train,0
C/C(=N\OCC(C)C)c1ccc2[nH]c3c4c(c5c(c3c2c1)CNC5=O)-c1cn(C)nc1CC4,8.129818655,train,0
C=CC(=O)Nc1cc2c(Nc3c(F)cc(Br)cc3F)ncnc2cc1OCC1CCN(C(C)=O)CC1,6.826813732,train,0
C=CC(=O)Nc1cc2c(Nc3cc(Cl)c(Br)cc3F)ncnc2cc1OCCNC(C)=O,6.37675071,train,0
C=CC(=O)Nc1cc2c(Nc3cc(Cl)c(Cl)cc3Cl)ncnc2cc1OCCNC(C)=O,6.102372909,train,0
C=CC(=O)Nc1cc2c(Nc3cc(Cl)c(Cl)cc3F)ncnc2cc1OCCNCC(C)=O,6.019996628,train,0
C=CC(=O)Nc1cc2c(Nc3ccc(Br)cc3F)ncnc2cc1OCC1CCN(C(=O)NC(C)(C)C)CC1,7.292429824,train,0
C=CC(=O)Nc1cccc(-c2ccc(NC(=O)Nc3ccccc3F)cc2)n1,7.913996294,train,0
C=CCNc1ncc(Br)c(Nc2cc(C)[nH]n2)n1,6.049509279,train,0
C=CCO/N=C/c1c(N)ncnc1Oc1ccc2[nH]c(C)cc2c1F,7.27572413,train,0
C=S(C)(=O)NC(=O)c1c[nH]c(-c2cc(Oc3cccc(NC(=O)c4occc4C)c3)ccn2)c1,7.420216403,train,0
CC(=O)N1CCN(Cc2ccnc(Nc3ncc(-c4ccccc4)s3)c2)CC1,7.537602002,train,0
CC(=O)N1CCN(Cc2ccnc(Nc3ncc(C#N)s3)c2)CC1,7.431798276,train,0
CC(=O)N1CCN([C@H]2C[C@@H](n3cc(-c4cc(O)ccc4F)c4c(N)ncnc43)C2)CC1,5.060430831,train,0
CC(=O)Nc1oc(-c2cncc(-c3ccccc3)c2)nc1-c1ccccc1,6.239577517,train,0
CC(=O)c1nn(-c2ccccc2)cc1C(=O)c1c(C)[nH]c(-c2ccccc2)c1-c1ccccc1,5.347656945,train,0
CC(C)(C)c1cc(NC(=O)NCc2ccc(-c3cc(NC(=O)c4ccc(OCCN5CCOCC5)cc4)[nH]n3)cc2)no1,7.537602002,train,0
CC(C)(C)c1ccc(Nc2nnc(-c3ccncc3CCc3ccncc3)o2)cc1,6.6062308,train,0
CC(C)(C)c1ccc(Nc2nnc(-c3cnccc3CCc3ccncc3)o2)cc1,6.395200944,train,0
CC(C)(O)c1ccc(-c2nc(Nc3ccc(CCO)cc3)ncc2C#N)cc1,6.386158178,train,0
CC(C)CCn1c2ccc(C3CCCCO3)cc2c2c3c(c4c(c21)CCc1nn(C)cc1-4)C(=O)NC3,7.107905397,train,0
CC(C)Cn1c2ccc(C(=O)c3cccs3)cc2c2c3c(c4c(c21)CCc1nn(C)cc1-4)C(=O)NC3,7.958607315,train,0
CC(C)c1cc(Nc2nc(NCc3cccnc3)ncc2Br)n[nH]1,6.398907391,train,0
CC(C)c1ccc(NC(=O)c2ccccc2Cn2ccc3cnccc32)cc1,7.055517328,train,0
CC(C)c1ccc(NC(=O)c2ccccc2Cn2ccc3ncnc-3c2)cc1,6.954677021,train,0
CC(C)c1ccc(NC(=O)c2scnc2CCc2ccncc2)cc1,6.883997759,train,0
CC(C)c1ccc(NC(=O)c2scnc2CCc2cnoc2)cc1,5.79290446,train,0
CC(C)c1ccc(Nc2nnc(-c3c(NCc4ccncc4)ncn3C)o2)cc1,6.147243043,train,0
CC(C)n1c2ccc(C3CCCCO3)cc2c2c3c(c4c(c21)CCc1nn(C)cc1-4)C(=O)NC3,7.657577319,train,0
CC(C)n1c2ccc(Nc3ncccn3)cc2c2c3c(c4c(c21)CCc1nn(C)cc1-4)C(=O)NC3,8.397940009,train,0
CC(C)n1cc(-c2ccc(Oc3ccccc3)cc2)c2c(N)ncnc21,6.36552273,train,0
CC(C)n1nc(-c2cc(C3CC3)on2)c2c(N)ncnc21,7.013228266,train,0
CC1(c2cc(NC(=O)c3ccn4cc(Oc5ncnc6c5CNC6)ccc34)n[nH]2)CC1,7.267904315,train,0
CCCCc1cc(NC(=O)Nc2ccc(-c3cnc(Nc4cc(N5CCN(C)CC5)nc(C)n4)s3)cc2)no1,7.251811973,train,0
CCCCn1c2ccc(C3CCCCO3)cc2c2c3c(c4c(c21)CCc1c-4cnn1C)C(=O)NC3,7.420216403,train,0
CCCCn1c2ccc(N)cc2c2c3c(c4c(c21)CCc1nn(C)cc1-4)C(=O)NC3,7.050609993,train,0
CCCN1C(=O)/C(=N\c2ccc(NC(=O)Nc3ccc(S(N)(=O)=O)cc3)cc2)c2cc(Cl)ccc21,6.414979428,train,0
CCCO/N=C/c1c(N)ncnc1Oc1ccc2[nH]c(C)cc2c1F,7.356547324,train,0
CCCc1c(C(=O)NCCCN2CCCC2)cn2ncnc(Nc3ccc(C)c(O)c3)c12,7.040958608,train,0
CCCn1c(C)c(Cl)c2cc(Nc3nccc(-n4cc(CN5CC(O)C5)c(C)n4)n3)ccc21,6.312471039,train,0
CCCn1c2ccc(C3CCCCO3)cc2c2c3c(c4c(c21)CCc1nn(C)cc1-4)C(=O)NC3,8.045757491,train,0
CCCn1c2ccc(NC(=O)Nc3cc(C(F)(F)F)ccc3F)cc2c2c3c(c4c(c21)CCc1nn(C)cc1-4)C(=O)NC3,6.795880017,train,0
CCCn1c2ccc(NC(=O)Nc3cc(C)ccc3F)cc2c2c3c(c4c(c21)CCc1nn(C)cc1-4)C(=O)NC3,7.522878745,train,0
CCCn1c2ccc(NC(=O)Nc3ccc(OC)cc3)cc2c2c3c(c4c(c21)CCc1nn(C)cc1-4)C(=O)NC3,7.769551079,train,0
CCCn1c2ccc(NC(=O)Nc3cccc(F)c3)cc2c2c3c(c4c(c21)CCc1nn(C)cc1-4)C(=O)NC3,7.886056648,train,0
CCCn1c2ccc(NC(=O)Nc3ccccc3Br)cc2c2c3c(c4c(c21)CCc1nn(C)cc1-4)C(=O)NC3,7.958607315,train,0
CCCn1c2ccc(NC(=O)Nc3ccccc3Cl)cc2c2c3c(c4c(c21)CCc1nn(C)cc1-4)C(=O)NC3,8,train,0
CCCn1c2ccc(NC(=O)Nc3cccs3)cc2c2c3c(c4c(c21)CCc1nn(C)cc1-4)C(=O)NC3,7.657577319,train,0
CCCn1c2ccc(NC(=O)OC(C)C)cc2c2c3c(c4c(c21)CCc1nn(C)cc1-4)C(=O)NC3,8.22184875,train,0
CCCn1c2ccc(NC(=O)Oc3ccc(F)cc3)cc2c2c3c(c4c(c21)CCc1nn(C)cc1-4)C(=O)NC3,7.327902142,train,0
CCCn1c2ccc(NC(=O)c3ccco3)cc2c2c3c(c4c(c21)CCc1nn(C)cc1-4)C(=O)NC3,8.397940009,train,0
CCCn1c2ccc(Nc3ncccn3)cc2c2c3c(c4c(c21)CCc1nn(C)cc1-4)C(=O)NC3,8.15490196,train,0
CCN(C)Cc1cc(OC)cc(N(CC2CC2)c2ccc3ncc(-c4cnn(C)c4)nc3c2)c1,6.139398502,train,0
CCN(CC)CCCCNc1cc2nc(N)c(-c3c(Cl)cccc3Cl)cc2cn1,5.920456993,train,0
CCN(CC)CCOC(=O)c1ccc(OC)c(NC(=O)Nc2cc(-c3ccc4[nH]ccc4c3)ccc2OC(F)(F)F)c1,6.793174124,train,0
CCN(CC)CCn1c2ccc(C3CCCCO3)cc2c2c3c(c4c(c21)CCc1nn(C)cc1-4)C(=O)NC3,7.769551079,train,0
CCN(c1ccc2ncc(-c3cnn(C)c3)nc2c1)c1cc(OC)cc(OC)c1Cl,7.301203748,train,0
CCN1C(=O)CS/C1=N/Nc1nncc2ccccc12,8.337242168,train,0
CCN1CCN(C(=S)SCC(=O)Nc2cccc(NC(=O)c3ccccn3)c2)CC1,5.964570262,train,0
CCN1CCN(Cc2ccc(NC(=O)Nc3ccc(-c4ccc(=O)[nH]c4)cc3)cc2C(F)(F)F)CC1,7.016373713,train,0
CCN1CCN(c2cc(Nc3ncc(-c4ccc(NC(=O)Nc5ccc(Cl)cc5)cc4)s3)nc(C)n2)CC1,7.356547324,train,0
CCNC(=O)CCCNC(=O)c1c[nH]c(-c2cc(Oc3ccc(NC(=O)Nc4cc(C)ccc4F)cc3)ccn2)c1,7.619788758,train,0
CCNC(=O)N1CCOc2cc(Oc3ccnc4cc(OC)c(OC)cc34)ccc21,8.698970004,train,0
CCNC(=O)Nc1ncc(-c2cnc3cc(Cl)ccn23)s1,5.823619308,train,0
CCNC(=O)[C@H](CCC(=O)OC(C)(C)C)NC(=O)c1c[nH]c(-c2cc(Oc3ccc(NC(=O)Nc4cccc(C)c4)c(F)c3)ccn2)c1,7.602059991,train,0
CCOC(=O)CCCNC(=O)c1c[nH]c(-c2cc(Oc3ccc(NC(=O)Nc4cc(C)ccc4F)cc3)ccn2)c1,7.408935393,train,0
CCOC(=O)N=S(=O)(CC)c1ccc(Nc2ncc(Br)c(N[C@@H](COC)[C@H](C)O)n2)cc1,6.345823458,train,0
CCOC(=O)N=S(C)(=O)c1ccc(Nc2ncc(Br)c(N[C@@H](COC)[C@H](C)O)n2)cc1,6.274905479,train,0
CCOC(=O)N=S(C)(=O)c1ccc(Nc2ncc(Br)c(N[C@H](C)[C@H](C)O)n2)cc1C,7.22184875,train,0
CCOC(=O)c1cn2ncnc(Nc3cc(C(=O)NOC)c(C)cc3C)c2c1C(C)C,7.853871964,train,0
CCOC(=O)c1s/c(=N\N=C2/C(=O)N(Cc3ccccc3)c3ccc(Cl)cc32)[nH]c1C,7.031517051,train,0
CCOCCn1c2ccc(C3CCCCO3)cc2c2c3c(c4c(c21)CCc1nn(C)cc1-4)C(=O)NC3,7.638272164,train,0
CCOCc1cc(OC)cc(N(CC2CC2)c2ccc3ncc(-c4cnn(C)c4)nc3c2)c1,6.209292713,train,0
CCOc1cc(-c2ccc(NC(=O)Nc3ccc(CN4CCN(CC)CC4)c(C(F)(F)F)c3)c(F)c2)c[nH]c1=O,7.661543506,train,0
CCOc1cc(=O)[nH]cc1-c1ccc(CC(=O)Nc2ccc(CC(C)(C)N)c(C(F)(F)F)c2)c(F)c1,8.045757491,train,0
CCOc1cc2ncnc(NC3=CC(=O)C(OCc4cccc(Cl)c4)=CC3=O)c2cc1NC(=O)/C=C/CN(C)C,6.917827142,train,0
CCOc1cc2ncnc(NC3=CC(=O)C(OCc4ccccn4)=CC3=O)c2cc1NC(=O)/C=C/CN(C)C,6.431069859,train,0
CCOc1ccc(Nc2ncc3c(n2)-c2ccc(OC)cc2NC(=O)C3)cc1,6.536107011,train,0
CCOc1cccc2c1c(/C=C1\C(=O)NN=C1c1snnc1C)cn2C,7.420366834,train,0
CCS(=N)(=O)c1ccc(Nc2ncc(Br)c(N[C@H](C)[C@H](C)O)n2)cc1,7.568636236,train,0
CCS(=O)(=O)c1ccc(OC)c(Nc2cn(-c3ccc(O)c(-c4ccccn4)c3)nn2)c1,5.157328366,train,0
CCSCc1ccc2c(c1)c1c3c(c4c5cc(CSCC)ccc5n5c4c1n2[C@H]1C[C@](O)(C(=O)OC)[C@]5(C)O1)CNC3=O,7.356547324,train,0
CC[C@H]1[C@@H](COc2nccc3cc(C(N)=O)c(OC)cc23)NC(=O)[C@H]1F,5.273191317,train,0
CCc1cc(Nc2nc(NCc3cc(-c4ccccn4)no3)ncc2Br)n[nH]1,5.499862364,train,0
CCc1cc(Nc2nc(NCc3ccccn3)ncc2Br)n[nH]1,6.29913194,train,0
CCc1ccc(-c2cc(C(=O)Nc3ccc(Oc4ccnc(C(=O)NC)c4)c(F)c3)ncn2)cc1,5.920456993,train,0
CCc1ccc(Nc2ncnn3cc(C(=O)OC)c(C)c23)cc1O,7.251811973,train,0
CCc1nccn1CCc1ccc(Nc2ncc(C#N)c(-c3ccc(C(C)(C)N)cc3)n2)cc1,7.022276395,train,0
CCn1c2ccc(/C(C)=N/OC)cc2c2c3c(c4c(c21)CCc1nn(C)cc1-4)C(=O)NC3,8.301029996,train,0
CCn1c2ccc(C3CCCCO3)cc2c2c3c(c4c(c21)CCc1c-4cnn1C)C(=O)NC3,8,train,0
CN(C)C(=O)COc1ccc2c(c1)Cc1c(-c3csc(C#CCOc4ccccc4)c3)n[nH]c1-2,7.66256943,train,0
CN(C)CC(=O)N(C)c1ccc2[nH]c(-c3c(N)c4ccccc4[nH]c3=O)nc2c1,7.522878745,train,0
CN(C)CC(=O)N1CCC(c2cn(C)c(-c3cnc(N)c(-n4nnc5ccccc54)n3)n2)CC1,5.180390267,train,0
CN(C)CCCNc1ccn2ncc(-c3ccc4c(c3)OCO4)c2n1,5.045709238,train,0
CN(C)CCCOc1ccc(NC(=O)c2cccc(-c3cccc(O)c3)c2)cc1Cl,7.063888568,train,0
CN(C)CCOc1ccc(-n2c3c(c4ccc(O)cc4c2=O)C(=O)c2cc(O)ccc2-3)cc1,6.480172006,train,0
CN(C)CCn1cc(-c2cncc(-c3ccsc3)c2)c2ccccc21,6.935542011,train,0
CN(c1ccnc(Nc2cc(N3CCOCC3)cc(N3CCOCC3)c2)n1)c1cccc2[nH]ncc12,6.617982957,train,0
CN1CCC(Nc2ccc(C(=O)Nc3cc(-c4cc(C#N)cs4)n[nH]3)cc2)CC1,5.201678539,train,0
CN1CCC(Nc2ccc3c(c2)/C(=C/c2cc4c([nH]2)CCN(C(=O)N2CCOCC2)C4)C(=O)N3)CC1,8.397940009,train,0
CN1CCC(Oc2ccc(-c3n[nH]c4ccc(C(=O)NC(c5ccccn5)C5CCCC5)cc34)cc2)CC1,5.214598975,train,0
CN1CCN(C(=O)c2ccc3c(c2)C(=C(c2ccccc2)c2nc4ccccc4[nH]2)C(=O)N3)CC1,5.743522794,train,0
CN1CCN(C2CCN(C(=O)Nc3cc(Oc4ccc(NC(=O)C5(C(=O)Nc6ccc(F)cc6)CC5)c(F)c4)ccn3)CC2)CC1,7.769551079,train,0
CN1CCN(Cc2ccc(C(=O)Nc3cc(-c4ccc(CNC(=O)OCc5ccccc5)cc4)n[nH]3)cc2)CC1,6.76700389,train,0
CN1CCN(Cc2ccc3[nH]c(-c4[nH]nc5ccccc45)nc3c2)CC1,6.583359493,train,0
CN1CCN([C@H]2CC[C@H](n3nc(-c4ccc(Oc5ccccc5)cc4)c4c(N)ncnc43)CC2)CC1,5.274006741,train,0
CN1CCN(c2ccc(C(=O)Nc3cc(-c4ccc(CNC(=O)OCc5cccnc5)cc4)n[nH]3)cc2)CC1,6.655607726,train,0
CN1CCN(c2nc(C3=C(c4c[nH]c5ccccc45)C(=O)NC3=O)c3ccccc3n2)CC1,5.40882405,train,0
CNC(=O)N1CCN(Cc2ccnc(Nc3ncc(C#N)s3)c2C)CC1,7.769551079,train,0
CNC(=O)N1CCOc2cc(Oc3ccnc4cc(OC)c(OC)cc34)ccc21,7.389233405,train,0
CNC(=O)c1cc(Oc2ccc3[nH]c(Nc4ccc(C(F)(F)C(F)(F)F)c(OC[C@H]5CCCN5C)c4)nc3c2)ccn1,7.026872146,train,0
CNC(=O)c1ccc(C#Cc2cc(C(=O)Nc3cccc(C(F)(F)F)c3)ccc2C)cn1,6.769551079,train,0
CNC(=O)c1ccc(Nc2ncc(C(F)(F)F)c(Nc3ccccc3OC)n2)cc1,6.533428928,train,0
CNC(=O)c1cccc(CSc2cnc(Nc3ccccn3)s2)c1,7.050609993,train,0
CNC(=O)c1ccccc1Sc1ccc2c(CCc3ccccn3)n[nH]c2c1,8.920818754,train,0
CNC(=O)n1ccc2cc(Oc3ccnc(NC(=O)c4ccc(C5CCN(CCO)CC5)cc4)c3)c(OCCO)cc21,7.769551079,train,0
CNCCN(c1cc(OC)cc(OC)c1)c1ccc2ncc(-c3cn[nH]c3)nc2c1,7.153786636,train,0
CNCCOc1cc(OC)cc(N(CC2CC2)c2ccc3ncc(-c4cnn(C)c4)nc3c2)c1,5.959603385,train,0
CN[C@@H]1CC2O[C@@](C)([C@@H]1OC)n1c3ccccc3c3c4c(c5c6ccccc6n2c5c31)C(=O)NC4,6.935542011,train,0
CNc1ncc2c(-c3ccc(N4CCN(C)CC4)nc3)nn(Cc3cn(Cc4ccccc4)nn3)c2n1,5.119129267,train,0
CNc1ncc2cc(-c3cc(NC(=O)NCCC(C)(C)C)c(F)cc3C)c(C)nc2n1,5.40882405,train,0
CNc1nccc(-c2cc(C)cnc2Oc2cccc(C(=O)Nc3cc(C(F)(F)F)ccc3N3CCCCC3)c2C)n1,5.584859648,train,0
CNc1nccc(-c2cccnc2Oc2cc(C(=O)Nc3cc(C(F)(F)F)ccc3N3CCCCC3)ccc2Cl)n1,6.170053304,train,0
CNc1nnc(-c2cn3ncnc(Nc4cnc5[nH]c(C)cc5c4)c3c2C(C)C)o1,7.585026652,train,0
CO/N=C(/c1ccc2[nH]c3c4c(c5c(c3c2c1)CNC5=O)-c1cn(C)nc1CC4)C(C)C,8.301029996,train,0
CO/N=C(\C)c1ccc2c(c1)c1c3c(c4c(c1n2CC(C)C)CCc1nn(C)cc1-4)C(=O)NC3,8.198970004,train,0
CO/N=C/c1c(N)ncnc1Oc1ccc2[nH]ccc2c1,6.695101448,train,0
CO/N=C/c1c(N)ncnc1Oc1ccc2[nH]ccc2c1F,6.928117993,train,0
CO/N=C/c1c(N)ncnc1Oc1ccc2ncccc2c1,6.154281982,train,0
COC(=O)CC=S(C)(=O)NC(=O)c1c[nH]c(-c2cc(Oc3ccc(NC(=O)Nc4cccc(C)c4)cc3)ccn2)c1,7.585026652,train,0
COC(=O)CCC=S(C)(=O)NC(=O)c1c[nH]c(-c2cc(Oc3ccc(NC(=O)Nc4cc(C)ccc4F)cc3)ccn2)c1,7.853871964,train,0
COC(=O)CC[C@H](NC(=O)c1c[nH]c(-c2cc(Oc3ccc(NC(=O)Nc4cc(C)ccc4F)cc3)ccn2)c1)C(=O)OC,7.397940009,train,0
COC(=O)CNC(=O)c1c[nH]c(-c2cc(Oc3cc(C(=O)Nc4cc(C)ccc4F)ccc3F)ccn2)c1,7.537602002,train,0
COC(=O)CNC(=O)c1c[nH]c(-c2cc(Oc3cccc(NC(=O)c4occc4C)c3)ccn2)c1,7.522878745,train,0
COC(=O)NC12CCC(n3cc(-c4cc(N)c(Cl)cc4F)c4c(N)ncnc43)(CC1)CC2,6.096367484,train,0
COC(=O)Nc1nc2ccc(C(=O)c3ccccc3)cc2[nH]1,5.055467979,train,0
COC(=O)[C@H](CCC(=O)O)NC(=O)c1c[nH]c(-c2cc(Oc3ccc(NC(=O)Nc4cc(C)ccc4F)cc3)ccn2)c1,7.522878745,train,0
COC(=O)[C@]1(O)C[C@H]2O[C@]1(C)n1c3ccccc3c3c4c(c5c6ccccc6n2c5c31)C(=O)NC4,7.698970004,train,0
COC(=O)c1c[nH]c(-c2cc(Oc3ccc(NC(=O)Nc4cc(C)ccc4F)cc3F)ccn2)c1,7.065501549,train,0
COC(=O)c1cc(-c2cc(Oc3cccc(NC(=O)Nc4cc(C)ccc4F)c3)ccn2)c[nH]1,7.638272164,train,0
COC(=O)c1cc(O)c(O)c(C[C@]2(C)[C@@H](C)CC[C@@]3(C)C(C)=CCC[C@H]32)c1,5.317764643,train,0
COC(=O)c1ccc(-c2nnc(Nc3ccc(OC(F)(F)Cl)cc3)c3ccccc23)cc1,6.199970641,train,0
COC(=O)c1cn2ncnc(Nc3ccc(Br)c(O)c3)c2c1C,7.468521083,train,0
COC(=O)c1cn2ncnc(Nc3ccc(C(F)(F)F)c(O)c3)c2c1C,6.43062609,train,0
COC(=O)c1cn2ncnc(Nc3ccc(C)c(O)c3)c2c1C(C)(C)C,6.507239611,train,0
COC(=O)c1cn2ncnc(Nc3cnc4[nH]ccc4c3)c2c1C,6.913640169,train,0
COC(=O)c1cn2ncnc(Nc3cnc4[nH]ccc4c3)c2c1C(C)C,7.744727495,train,0
COC1CCN(c2nccc(Nc3cc4c(cn3)cc(-c3cn[nH]c3)n4C(C)C)n2)CC1,7.886056648,train,0
COCCCc1cc(Nc2nc(NCc3cc(C)no3)ncc2Br)n[nH]1,5.899653583,train,0
COCCN1CCN(c2cc(Nc3ncc(C#N)s3)ncn2)CC1,7.819136082,train,0
COCCNC(=O)Cn1cc(-c2cnc3ccc(N(CC4CC4)c4cc(OC)cc(OC)c4)cc3n2)cn1,6.349032307,train,0
COCCOc1cc2ncnc(Oc3ccc(Nc4nccc5[nH]cc(-c6ccc(F)cc6)c(=O)c45)cc3F)c2cc1OC,6.851089007,train,0
COCCOc1cc2ncnc(Oc3ccc(Nc4nccc5[nH]cc(-c6ccc(F)cc6)c(=O)c45)cc3F)c2cc1OCCOC,7.095825632,train,0
COCCOc1ccc2c(Nc3cc(O)c(Cl)cc3F)ncnc2c1,6.821023053,train,0
COCCOc1ccn2c(-c3ccc4cccc(OCC5CCNCC5)c4n3)cnc2c1,6.408935393,train,0
COCCOc1ccn2c(-c3ccc4cccc(O[C@H]5CCCNC5)c4n3)cnc2c1,6.987162775,train,0
COC[C@@H](Nc1nc(Nc2ccc(S(C)(=N)=O)cc2)ncc1Br)[C@@H](C)O,6.467245621,train,0
CONC(=O)c1cc(Nc2ncnn3cc(-c4nnc(C(C)C)o4)c(C(C)C)c23)c(F)cc1F,7.638272164,train,0
CONC(=O)c1cc(Nc2ncnn3cc(-c4nnc(C5CC5)o4)c(C(C)C)c23)c(F)cc1F,7.920818754,train,0
CONC(=O)c1cc(Nc2ncnn3cc(-c4nnc(CS(C)(=O)=O)o4)c(C(C)C)c23)c(F)cc1F,7.769551079,train,0
CONC(=O)c1cc(Nc2ncnn3cc(NC(=O)OCC4CCCO4)c(C(C)C)c23)c(F)cc1F,6.898089349,train,0
CO[C@@H]1[C@H](N(C)C(=O)c2ccccc2)C[C@H]2O[C@]1(C)n1c3ccccc3c3c4c(c5c6ccccc6n2c5c31)C(=O)NC4,6.600326279,train,0
COc1cc(C(=O)N2CCCC2)cc(N(CCCN2CCCC2)c2ccc3ncc(-c4cnn(C)c4)nc3c2)c1,5.78953542,train,0
COc1cc(C2=C(c3c[nH]c4ccccc34)C(O)NC2=O)cc(OC)c1OC,5.229074385,train,0
COc1cc(C2=C(c3cn(CC(O)CO)c4ccccc34)CNC2=O)cc(OC)c1OC,5.376647318,train,0
COc1cc(CC(=O)Nc2ccc3[nH]c(-c4ccc(Cl)cc4)nc3c2)cc(OC)c1OC,6.377061031,train,0
COc1cc(CC(=O)Nc2ccc3oc(-c4ccccc4)nc3c2)cc(OC)c1OC,6.445874418,train,0
COc1cc(CCc2cc(Nc3ncnc4cc(N5CCN6CCCCC6C5)ccc34)n[nH]2)cc(OC)c1,7.647817482,train,0
COc1cc(F)cc(N(CC2CC2)c2ccc3ncc(-c4cnn(CCO)c4)nc3c2)c1,6.159373315,train,0
COc1cc(N(CC2CC2)c2ccc3ncc(-c4cnn(C)c4)nc3c2)cc(C(F)(F)F)c1,5.299913558,train,0
COc1cc(NC(=O)Nc2ccncc2)cc(-c2cncnc2)c1OC,6.307241182,train,0
COc1cc(Nc2ncc(C#N)c(-c3ccccc3)n2)ccc1CN1CCCC1,7.036212173,train,0
COc1cc(Nc2ncnc(-c3cccnc3Nc3cccc(C(=O)Nc4ccc(Oc5ccccc5)cc4)c3)n2)cc(OC)c1OC,7.408935393,train,0
COc1cc(O)c2c(c1)-c1cccc(c1)[C@@H](O)[C@H](O)C(=O)C/C=C/[C@H](C)OC2=O,7.823908741,train,0
COc1cc(OC)c(NC(=O)Nc2ccc3c(cnn3-c3ccnc(Nc4cc(OC)c(OC)c(OC)c4)n3)c2)cc1Cl,6.835647144,train,0
COc1cc(OC)cc(N(C/C=C\c2cc(C)ccn2)c2ccc3ncc(-c4cnn(C)c4)nc3c2)c1,5.559749352,train,0
COc1cc(OC)cc(N(CC#CC2(O)CCNCC2)c2ccc3ncc(-c4cnn(C)c4)nc3c2)c1,7.005594853,train,0
COc1cc(OC)cc(N(CC#Cc2cc(C#N)ccn2)c2ccc3ncc(-c4cnn(C)c4)nc3c2)c1,5.779737582,train,0
COc1cc(OC)cc(N(CC#Cc2cc(C(N)=O)ccn2)c2ccc3ncc(-c4cnn(C)c4)nc3c2)c1,6.099452636,train,0
COc1cc(OC)cc(N(CC#Cc2cc(N)ccn2)c2ccc3ncc(-c4cnn(C)c4)nc3c2)c1,5.679791379,train,0
COc1cc(OC)cc(N(CC#Cc2cc(OC)ncn2)c2ccc3ncc(-c4cnn(C)c4)nc3c2)c1,5.394892389,train,0
COc1cc(OC)cc(N(CC#Cc2cccc(C#N)n2)c2ccc3ncc(-c4cnn(C)c4)nc3c2)c1,6.518557371,train,0
COc1cc(OC)cc(N(CC#Cc2ccccn2)c2ccc3ncc(-c4cnn(C)c4)nc3c2)c1,6.19931041,train,0
COc1cc(OC)cc(N(CC#Cc2cccnc2)c2ccc3ncc(-c4cnn(C)c4)nc3c2)c1,6.059503437,train,0
COc1cc(OC)cc(N(CC(=O)NC(C)C)c2ccc3ncc(-c4cnn(C)c4)nc3c2)c1,6.388935535,train,0
COc1cc(OC)cc(N(CC(=O)NCCN2CCCC2)c2ccc3ncc(-c4cnn(C)c4)nc3c2)c1,6.119426479,train,0
COc1cc(OC)cc(N(CC2(CNC(C)C)COC2)c2ccc3ncc(-c4cnn(C)c4)nc3c2)c1,6.229265779,train,0
COc1cc(OC)cc(N(CC2CC2)c2ccc3ncc(-c4cnn(C5CCN(S(C)(=O)=O)CC5)c4)nc3c2)c1,6.588312967,train,0
COc1cc(OC)cc(N(CC2CC2)c2ccc3ncc(-c4cnn(CC(=O)NCCO)c4)nc3c2)c1,6.777387564,train,0
COc1cc(OC)cc(N(CC2CC2)c2ccc3ncc(-c4cnn(CC(C)C)c4)nc3c2)c1,6.169360014,train,0
COc1cc(OC)cc(N(CC2CC2)c2ccc3ncc(-c4cnn(CC5(O)CCNCC5)c4)nc3c2)c1,7.252199909,train,0
COc1cc(OC)cc(N(CC2CCCC2)c2ccc3ncc(-c4cnn(C)c4)nc3c2)c1,5.819713517,train,0
COc1cc(OC)cc(N(CC2CCNCC2)c2ccc3ncc(-c4cnn(C)c4)nc3c2)c1,7.242376254,train,0
COc1cc(OC)cc(N(CC2OCCO2)c2ccc3ncc(-c4cnn(C)c4)nc3c2)c1,6.618199257,train,0
COc1cc(OC)cc(N(CCN)c2ccc3ncc(-c4cnn(C)c4)nc3c2)c1,7.074791079,train,0
COc1cc(OC)cc(N(CCN2CCN(C3CCN(C(C)=O)CC3)CC2)c2ccc3ncc(-c4cnn(C)c4)nc3c2)c1,5.819713517,train,0
COc1cc(OC)cc(N(CCNC(C)C)c2ccc3ncc(-c4cnn(C5CCOCC5)c4)nc3c2)c1,6.568395028,train,0
COc1cc(OC)cc(N(CCc2nnn[nH]2)c2ccc3ncc(-c4cnn(C)c4)nc3c2)c1,7.094581931,train,0
COc1cc(OC)cc(N(CCn2cccc2)c2ccc3ncc(-c4cnn(C)c4)nc3c2)c1,6.309113144,train,0
COc1cc(OC)cc(N(Cc2ccccc2)c2ccc3ncc(-c4cnn(C)c4)nc3c2)c1,6.159373315,train,0
COc1cc(OC)cc(N(Cc2nccn2S(=O)(=O)N(C)C)c2ccc3ncc(-c4cnn(C)c4)nc3c2)c1,6.598272138,train,0
COc1cc(OC)cc(N(c2ccc3ncc(-c4cnn(C)c4)nc3c2)[C@@H](C)CN)c1,6.568395028,train,0
COc1cc2c(Nc3ccc(Cl)cc3F)ncnc2cc1OCCOCCNC(=O)C(CCCCNC(=O)CCCCC1SCC2NC(=O)NC21)NC(=O)c1c(F)c(F)c(N=[N+]=[N-])c(F)c1F,5.148680487,train,0
COc1cc2c3c(c4c5ccccc5[nH]c4c2c(OC)c1OC)C(=O)NC3=O,7.200659451,train,0
COc1cc2nc(Cl)nc(Nc3ccc(S(=O)(=O)Nc4nccs4)cc3)c2cc1OC,5.108406796,train,0
COc1cc2nccc(Oc3ccc4c(C(N)=O)cccc4c3)c2cc1C(C)=O,8.657182685,train,0
COc1cc2nccc(Oc3ccc4c(c3)OCCN4C(=O)N[C@@H](C)c3ccccc3)c2cc1OC,8.698970004,train,0
COc1cc2nccc(Oc3ccc4c(c3)OCCN4C(=O)Nc3ccc(C)cc3)c2cc1C(C)=O,8.823561444,train,0
COc1cc2nccc(Oc3ccc4c(c3)OCCN4C(=O)Nc3cccc(C)c3)c2cc1OC,8.698970004,train,0
COc1cc2nccc(Oc3ccc4c(c3)OCCN4C(=O)Nc3ccccc3Cl)c2cc1OC,7.697885623,train,0
COc1cc2ncnc(Sc3nnc(C)s3)c2cc1OC,7.48148606,train,0
COc1ccc(-c2cc3cc(OC)ccc3nc2Nc2ccc(NC(=O)CN3CCCCC3)cc2)cc1,7.091514981,train,0
COc1ccc(-c2cc3cc(OC)ccc3nc2Nc2ccc(NC(=O)CN3CCOCC3)cc2)cc1,6.928117993,train,0
COc1ccc(-c2cc3ccc(OC)cc3nc2Nc2ccc(NC(=O)CN3CCCCC3)cc2)cc1,7.096910013,train,0
COc1ccc(-c2cc3ccc(OC)cc3nc2Nc2ccc(NC(=O)CN3CCOCC3)cc2)cc1,6.954677021,train,0
COc1ccc(-c2ccc(Cn3cc(-c4ccc(NC(=O)C5CC5)cc4)nn3)cc2)cn1,8.818156412,train,0
COc1ccc(-c2cnc3c(Nc4ccc(N5CCCCC5)cc4)nccc3n2)cc1,5.70092874,train,0
COc1ccc(-c2cnn3c(N)c(-c4nccs4)c(OC4CCN(C)CC4)nc23)cc1OC,6.617982957,train,0
COc1ccc(-c2coc3ncnc(N)c23)cc1,5.259558355,train,0
COc1ccc(-n2cc(NC(=O)c3ccc(NS(=O)(=O)c4ccc(Cl)cc4)cc3)cn2)cc1,5.145026326,train,0
COc1ccc(-n2cc(NC(=O)c3cccc(NS(=O)(=O)c4ccc(Cl)cc4)c3)cn2)cc1,5.28810845,train,0
COc1ccc(/C=C/C(=O)Nc2cc3c(Nc4ccc(F)c(Cl)c4)ncnc3cc2O[C@H]2CCOC2)cc1,6.05207638,train,0
COc1ccc(C(=O)Nc2ccc(C(=O)N/N=C3\C(=O)Nc4ccccc43)cc2)cc1,5.465846926,train,0
COc1ccc(C(=O)Nc2ccc(OCCN(C)C)c(Cl)c2)c(-c2cccc(O)c2)c1O,6.882165481,train,0
COc1ccc(C(=O)Nc2cccc(CNc3ncnc4c3cnn4CCc3ccccc3)c2)cc1,5.574955125,train,0
COc1ccc(C2=Nc3c(n[nH]c3C)Nc3nc(SC)ncc32)cc1,6.365724305,train,0
COc1ccc(CNC(=O)c2cc3c(-c4ccccc4)[nH]nc3s2)cc1,6.2915791,train,0
COc1ccc(Cc2nnc(Nc3ccc(C#N)cc3)c3ccccc23)cc1,5.290645224,train,0
COc1ccc(N(C(=O)Oc2c(C)cccc2C)c2ccnc(Nc3ccc(OCCN(C)C)cc3)n2)c(OC)c1,6.655607726,train,0
COc1ccc(N(C(=O)Oc2c(C)cccc2C)c2ccnc(Nc3ccc(OCCN4CCCCC4)cc3)n2)c(OC)c1,6.454692884,train,0
COc1ccc(N2Cc3cnc(Nc4ccc(F)cc4)nc3N([C@@H]3CC[C@@H](O)C3)C2=O)cc1,7.292429824,train,0
COc1ccc(NC(=O)Cc2ccc(-n3c4c(c5ncnc(N)c53)CCC4)cc2)cc1C(F)(F)F,7.958607315,train,0
COc1ccc(NC(=O)Nc2ccc(Sc3ccnc4ccsc34)cc2)cc1,5.85667287,train,0
COc1ccc(NC(=O)Nc2nc(Sc3c[nH]c4ccccc34)cc(N3CCN(c4ccccn4)CC3)n2)cc1,5.381847267,train,0
COc1ccc(NC(=S)NNc2nncc3ccccc23)cc1,8.173925197,train,0
COc1ccc(Nc2ncc3c(n2)-c2ccccc2SC3)cc1,5.568475416,train,0
COc1ccc(Nc2ncc3c(n2)-c2cccnc2SC3)cc1,6.283162277,train,0
COc1ccc(Nc2ncc3c(n2)-c2cccnc2SC3)cc1OC,6.718966633,train,0
COc1ccc(Nc2nnc(-c3c(NCc4ccncc4)ncn3C)o2)cc1OC,7.151298138,train,0
COc1ccc(Nc2nnc(-c3cccnc3CCc3ccncc3)o2)cc1OC,7.061084054,train,0
COc1ccc(OC)c(N(CCNC(C)C)c2ccc3ncc(-c4cn[nH]c4)nc3c2)c1,5.659801857,train,0
COc1ccc(OC)c(N(CCO)c2ccc3ncc(-c4cnn(C)c4)nc3c2)c1,5.819713517,train,0
COc1ccc2c(Oc3ccc(NC(=O)c4c(C)n(CC(C)C)n(-c5ccccc5)c4=O)cc3F)ccnc2c1,6.48148606,train,0
COc1ccc2c(c(/C=C3\C(=O)NN=C3c3snnc3C)cn2C)c1Br,7.619788758,train,0
COc1ccc2c(c1)CCCN2c1ncnc2ccccc12,6.950394387,train,0
COc1ccc2c(c1)c(/C=C1\C(=O)NN=C1c1cnccn1)cn2C,7.508638306,train,0
COc1ccc2c(c1)c(/C=C1\C(=O)NN=C1c1snnc1C)cn2C,7.040958608,train,0
COc1cccc(-n2cc(NC(=O)c3cccc(NS(=O)(=O)c4ccccc4)c3)cn2)c1,5.035221978,train,0
COc1cccc(Nc2nccc(N(C)c3ccc4c(C)n(C)nc4c3)n2)c1,7.408935393,train,0
COc1cccc(Nc2nnc(-c3cccnc3CCc3ccncc3)o2)c1,6.65155545,train,0
COc1cccc2c(/C=C3\C(=O)NN=C3c3snnc3C)cn(C)c12,6.958607315,train,0
COc1cccc2c1c(/C=C1\C(=O)NN=C1c1snnc1C)cn2C,7.698970004,train,0
COc1ccccc1N(C(=O)Oc1c(C)cccc1C)c1ccnc(Nc2ccc(N3CCN(C)CC3)cc2)n1,6.718966633,train,0
COc1cnc(Cl)c(Nc2ncnc3cc(OCCN4CCN(C(C)=O)CC4)cc(OC(C)C)c23)n1,5.552686891,train,0
CS(=O)(=O)C1CCN(Cc2ccnc(Nc3ncc(C#N)s3)c2)CC1,7.494850022,train,0
CS(=O)(=O)Nc1cccc(-c2oc3ncnc(N)c3c2-c2ccc(-c3ccccc3)cc2)c1,7.431798276,train,0
CSc1ccc(N(C)c2nc(C)nc3ccccc23)cc1,7.804100348,train,0
CSc1ncc2c(n1)Nc1n[nH]c(C)c1N=C2c1ccc(C(F)(F)F)cc1,6.677160727,train,0
CSc1ncc2c(n1)Nc1n[nH]c(C)c1N=C2c1ccccc1C,6.954285941,train,0
C[C@@H](Nc1nc(Nc2ccc(S(=N)(=O)CCO)cc2)ncc1Br)C(C)(C)O,7.15490196,train,0
C[C@@H](Nc1nc(Nc2ccc(S(=O)(CC=O)=NS(=O)(=O)CC[Si](C)(C)C)cc2)ncc1Br)C(C)(C)O,6.793174124,train,0
C[C@@H](Nc1nc(Nc2ccc(S(C)(=N)=O)cc2)ncc1Br)C(C)(C)O,6.850780887,train,0
C[C@@H](Nc1ncnc2[nH]c(-c3ccc(CN4CCN(CCCC(=O)NO)CC4)cc3)cc12)c1ccccc1,6.995678626,train,0
C[C@@H](Nc1ncnc2[nH]c(-c3ccc(CN4CCN(CCCCCCC(=O)NO)CC4)cc3)cc12)c1ccccc1,6.995678626,train,0
C[C@@H](Nc1ncnc2[nH]c(-c3ccc(CNCCC(=O)NO)cc3)cc12)c1ccccc1,6.995678626,train,0
C[C@@H](Nc1ncnc2[nH]c(-c3ccc(NC(=O)CCCCC(=O)NO)cc3)cc12)c1ccccc1,6.995678626,train,0
C[C@@H](Nc1ncnc2[nH]c(-c3ccc(NC(=O)CCCCCCC(=O)NO)cc3)cc12)c1ccccc1,6.995678626,train,0
C[C@@H](Nc1ncnc2[nH]c(-c3ccc(NC(=O)CCNCC(=O)NO)cc3)cc12)c1ccccc1,6.995678626,train,0
C[C@@H](Nc1ncnc2[nH]c(-c3ccc(OCCCCC(=O)NO)cc3)cc12)c1ccccc1,6.995678626,train,0
C[C@@H](O)[C@@H](C)Oc1nc(Nc2ccc([S@](=N)(=O)C3CC3)cc2)ncc1C(F)(F)F,6.785156152,train,0
C[C@@H](Oc1cc(-n2cnc3ccc(OC4CCN(C)CC4)cc32)sc1C(N)=O)c1ccccc1Cl,5.920456993,train,0
C[C@H](CO)Nc1nc(Nc2ccc(S(C)(=O)=NS(=O)(=O)CC[Si](C)(C)C)cc2)ncc1Br,7.124938737,train,0
C[C@H](Nc1cc(-c2sc(C3CCN(C)CC3)nc2-c2ccc(F)cc2)ccn1)c1ccccc1,5.769295686,train,0
C[C@H](Nc1nc(Nc2ccc(S(=N)(=O)CCO)cc2)ncc1Br)C(C)(C)O,7.22184875,train,0
C[C@H](O)[C@@H](C)Nc1nc(Nc2ccc(S(=O)(CC=O)=NS(=O)(=O)CC[Si](C)(C)C)cc2)ncc1Br,6.882728704,train,0
C[C@]1(O)C[C@H]2O[C@]1(C)n1c3ccccc3c3c4c(c5c6ccccc6n2c5c31)C(=O)NC4,7.920818754,train,0
Cc1[nH]nc2c1N=C(c1ccccc1Cl)c1cc(N)ccc1N2,7.455931956,train,0
Cc1c(NC(=O)CCN2CCCC2)c[nH]c1/C=C1\C(=O)Nc2ccc(F)cc21,6.860435734,train,0
Cc1c(OC[C@@H](C)O)cn2ncnc(Oc3ccc4[nH]c(CO)cc4c3F)c12,7.102372909,train,0
Cc1c2ccc(N(C)c3ccnc(Nc4ccc(C(=O)NCCCCCCC(=O)NO)cc4)n3)cc2nn1C,7.327902142,train,0
Cc1c2ccc(N(C)c3ccnc(Nc4cccc(Cl)c4)n3)cc2nn1C,7.585026652,train,0
Cc1cc(-c2cnc3cc(-c4ccc(C5CNCCN5)cc4)ccn23)c2ccccc2n1,5.029141943,train,0
Cc1cc(C)c(/C=C2\C(=O)NN=C2c2ccoc2)[nH]1,6.801342913,train,0
Cc1cc(C)cc(Nc2nccc(N(C)c3ccc4c(C)n(C)nc4c3)n2)c1,7.657577319,train,0
Cc1cc(COC(=O)NCc2ccc(-c3cc(NC(=O)c4ccc(N5CCN(C)CC5)cc4)[nH]n3)cc2)no1,6.43062609,train,0
Cc1cc(Cl)ccc1NC(=O)Nc1nc(NC2CC2)cc(Sc2c[nH]c3ccccc23)n1,6.355561411,train,0
Cc1cc(Cl)ccc1NC(=O)Nc1nc(Nc2ccccc2)cc(Sc2c[nH]c3ccccc23)n1,5.549596914,train,0
Cc1cc(Cl)ccc1NC(=O)Nc1nc(Sc2c[nH]c3ccccc23)cc(N2CCCC2)n1,6.36552273,train,0
Cc1cc(F)c(Nc2ncnc3cc(OCc4ccccc4)ccc23)cc1O,8.522878745,train,0
Cc1cc(N2CCOCC2)cc2[nH]c(-c3c(NC[C@@H](O)c4cccc(Cl)c4)cc[nH]c3=O)nc12,5.853561865,train,0
Cc1cc(Nc2nc(NCCCc3c[nH]nc3C)ncc2Br)n[nH]1,6.29913194,train,0
Cc1cc(Nc2ncc(Br)c(N[C@@H](C)C(C)(C)O)n2)ccc1S(C)(=N)=O,7.30980392,train,0
Cc1cc(Nc2ncc(Br)c(N[C@H](C)C(C)(C)O)n2)ccc1S(C)(=N)=O,7.255583683,train,0
Cc1cc(Nc2ncc(F)c(N[C@H]3[C@@H](C(N)=O)[C@@H]4C=C[C@H]3C4)n2)ccc1N1CCN(C)CC1,7.358349386,train,0
Cc1cc(Oc2ncnc3sccc23)ccc1NC(=O)Nc1cccc(Br)c1,7.769551079,train,0
Cc1cc2c(F)c(Oc3ncnn4cc(OCCC5CCN(C)CC5)c(C)c34)ccc2[nH]1,7.677780705,train,0
Cc1cc2c(cc3c4c(cccc42)NC3=O)[nH]1,5.999565923,train,0
Cc1cc2ccnc(Nc3ccc(Oc4ccnc(N)c4Cl)c(F)c3)c2c(=O)n1-c1ccc(Cl)cc1,7.338187314,train,0
Cc1cc2ccnc(Nc3ccc(Oc4ccnc(N)c4I)c(F)c3)c2c(=O)n1-c1ccccc1,6.345149909,train,0
Cc1ccc(-c2nn(C(C)(C)C)c3ncnc(N)c23)cc1,5.795608668,train,0
Cc1ccc(-n2cc(C(=O)c3c(C)[nH]c(-c4ccccc4)c3-c3ccccc3)c(C(=O)Nc3ccccc3)n2)cc1,5.363411816,train,0
Cc1ccc(-n2cc(NC(=O)c3ccc(NS(=O)(=O)c4ccc(Cl)cc4)cc3)cn2)cc1,5.540456742,train,0
Cc1ccc(-n2cc3c(-c4c[nH]c(-c5ccccc5)c4-c4ccccc4)nnc(O)c3n2)cc1,5.492009275,train,0
Cc1ccc(/C=N/NC(=O)N2CCc3ncnc(Nc4cccc(C(F)(F)F)c4)c3C2)cc1,6.816730156,train,0
Cc1ccc(C(/C=C/c2ccc(F)cc2)=N\Nc2nncc3ccccc23)cc1,8.769551079,train,0
Cc1ccc(C)c(NC(=O)Nc2nc(Sc3c[nH]c4ccccc34)cc(N3CCCCC3)n2)c1,6.507239611,train,0
Cc1ccc(C2=NN(c3ccccc3)C(c3ccc4ccccc4c3)C2)cc1,5.806597097,train,0
Cc1ccc(CC(=O)Nc2ccc3oc(-c4ccccc4F)nc3c2)cc1,6.631527162,train,0
Cc1ccc(F)c(NC(=O)Nc2ccc(Oc3ccnc(-c4cc(C(=O)N5CCC(O)CC5)c[nH]4)c3)cc2)c1,6.987162775,train,0
Cc1ccc(F)c(NC(=O)Nc2ccc(Oc3ccnc(-c4cc(C(=O)NCC(=O)N5CC[C@H](O)C5)c[nH]4)c3)cc2)c1,7.769551079,train,0
Cc1ccc(F)c(NC(=O)Nc2ccc(Oc3ccnc(-c4cc(C(=O)NCC(O)CO)c[nH]4)c3)cc2)c1,7.657577319,train,0
Cc1ccc(F)c(NC(=O)Nc2ccc(Oc3ccnc(-c4cc(C(=O)NCCC(=O)O)c[nH]4)c3)cc2F)c1,7.602059991,train,0
Cc1ccc(F)c(NC(=O)Nc2ccc(Oc3ccnc(-c4cc(C(=O)NCCCC(=O)O)c[nH]4)c3)cc2)c1,7.795880017,train,0
Cc1ccc(F)c(NC(=O)Nc2ccc(Oc3ccnc(-c4cc(C(=O)NCCCC(=O)O)c[nH]4)c3)cc2F)c1,7.744727495,train,0
Cc1ccc(F)c(NC(=O)Nc2ccc(Oc3ccnc(-c4cc(C(=O)NCCCO)c[nH]4)c3)cc2)c1,7.408935393,train,0
Cc1ccc(F)c(NC(=O)Nc2ccc(Oc3ccnc(-c4csc(C(=O)NCC(=O)O)c4)c3)cc2)c1,7.920818754,train,0
Cc1ccc(F)c(NC(=O)c2ccc(F)c(Oc3ccnc(-c4cc(C(=O)NCC(=O)O)c[nH]4)c3)c2)c1,7.537602002,train,0
Cc1ccc(F)c(NC(=O)c2ccc(F)c(Oc3ccnc(-c4cc(C(=O)O)c[nH]4)c3)c2)c1,7.552841969,train,0
Cc1ccc(NC(=O)Nc2nc(Nc3ccccc3)cc(Sc3c[nH]c4ccccc34)n2)cc1,5.875821945,train,0
Cc1ccc(NC(=O)c2ccccc2Cn2ccc3cnccc32)c(F)c1,6.536107011,train,0
Cc1ccc(NC(=O)c2ccccc2Cn2ccc3ncnc-3c2)c(F)c1,6.675717545,train,0
Cc1ccc(Nc2nc3cc(Oc4ncnc5c4cnn5C)ccc3n2C)cc1,7.742321425,train,0
Cc1ccc(Nc2ncnn3cc(C(=O)NCCCN4CCCC4)c(C)c23)cc1O,7.387216143,train,0
Cc1ccc(Nc2ncnn3cc(C(=O)NCCCn4nccn4)c(C)c23)cc1O,7.508638306,train,0
Cc1ccc(Nc2ncnn3cc(C)c(C)c23)cc1O,7.677780705,train,0
Cc1ccc(Nc2ncnn3cc(NC(=O)OCCCn4nccn4)c(C(C)C)c23)cc1O,8.096910013,train,0
Cc1ccc(O)cc1CC[C@@H]1[C@@H](O)CC[C@@]2(C)[C@H]1CC[C@@H]2[C@H](C)/C=C/CC(C)C,5.305307074,train,0
Cc1ccc(O)cc1Nc1ccnc2ccc(C(F)(F)F)cc12,6.995678626,train,0
Cc1cccc(Cn2nc(C)c3c(NC(=O)c4csc5c(N)ncnc45)cccc32)n1,6.277366077,train,0
Cc1cccc(NC(=O)Nc2ccc(-c3ccc4c(-c5cnn[nH]5)n[nH]c4c3)cc2)c1,7.337242168,train,0
Cc1cccc(NC(=O)Nc2ccc(N3CCc4ccncc4C3)cc2C)c1,6.341988603,train,0
Cc1cccc(NC(=O)Nc2ccc(Nc3ccc([N+](=O)[O-])c4ncnc(O)c34)cc2)c1,7.102372909,train,0
Cc1cccc(NC(=O)Nc2ccc(Oc3ccnc(-c4cc(C(=O)N5CCC[C@@H](O)C5)c[nH]4)c3)cc2)c1,7.744727495,train,0
Cc1cccc(NC(=O)Nc2ccc(Oc3ccnc(-c4cc(C(=O)N5CC[C@@H](O)C5)c[nH]4)c3)cc2F)c1,7.920818754,train,0
Cc1cccc(NC(=O)Nc2ccc(Oc3ccnc(-c4cc(C(=O)NS(C)(=O)=CCC(=O)O)c[nH]4)c3)cc2)c1,7.698970004,train,0
Cc1cccc(NC(=O)Nc2ccc(Oc3ccnc(-c4cc(C(=O)N[C@@H](CCC(=O)OC(C)(C)C)C(=O)O)c[nH]4)c3)cc2F)c1,7.744727495,train,0
Cc1cccc(Nc2nnc(-c3cccc4cnccc34)c3ccccc23)c1,6.567030709,train,0
Cc1ccoc1C(=O)Nc1cccc(Nc2ccnc(-c3cc(C(=O)O)c[nH]3)c2)c1,5.529148675,train,0
Cc1ccoc1C(=O)Nc1cccc(Oc2ccnc(-c3cc(C(=O)N4CC[C@H](O)C4)c[nH]3)c2)c1,7.522878745,train,0
Cc1ccoc1C(=O)Nc1cccc(Oc2ccnc(-c3cc(C(=O)O)c[nH]3)c2)c1,7.327902142,train,0
Cc1ccsc1C(=O)Nc1cccc(Oc2ccnc(-c3cc(C(=O)OCCO)c[nH]3)c2)c1,7.602059991,train,0
Cc1n[nH]c2ccc(-c3cc(N[C@@H](CO)c4ccccc4)cnc3-c3ccc(F)cc3O)cc12,8.443697499,train,0
Cc1n[nH]c2sc(C(N)=O)c(NC(=O)c3ccccc3Cl)c12,5.09685573,train,0
Cc1nc(Nc2cc(-c3ccc(CNC(=O)Nc4cc(C(C)(C)C)on4)cc3)n[nH]2)cc(N2CCN(CCO)CC2)n1,7.292429824,train,0
Cc1nc(Nc2cc(-c3ccc(CNC(=O)Nc4cc(C)on4)cc3)n[nH]2)cc(N2CCN(C)CC2)n1,6.995678626,train,0
Cc1nc(Nc2cc(-c3ccc(CNC(=O)Nc4cc(C)on4)cc3)n[nH]2)cc(N2CCN(CCO)CC2)n1,6.91721463,train,0
Cc1nc(Nc2cc(-c3ccc(CNC(=O)OCc4ccccc4)cc3)n[nH]2)cc(N2CCNCC2)n1,6.718966633,train,0
Cc1nc2c(c(Nc3c[nH]nc3C(=O)Nc3ccc(N4CCNCC4)cc3)n1)CCC2,7.019451261,train,0
Cc1nn(-c2ccnc(Nc3ccc4c(c3)c(C)c(C)n4C)n2)cc1CN1CC(O)C1,6.184422252,train,0
Cc1nn(-c2ccnc(Nc3ccc4c(c3)c(Cl)c(C)n4C)n2)cc1CCN1CC[C@@H](O)C1,5.675717545,train,0
Cc1nn(-c2ccnc(Nc3ccc4c(c3)c(Cl)c(C)n4C)n2)cc1CN1CC(O)C1,6.714555232,train,0
Cc1nn(-c2ccnc(Nc3ccc4c(c3)c(Cl)nn4C(C)C)n2)cc1CN1CC(O)C1,5.718058067,train,0
Cc1nn(-c2ccnc(Nc3ccc4c(c3)c(Cl)nn4C)n2)cc1CN1CC(O)C1,5.951558196,train,0
Cc1nn(-c2ccnc(Nc3ccc4c(c3)c(S(C)(=O)=O)nn4C)n2)cc1CN1C[C@H](O)[C@H](O)C1,6.188424994,train,0
Cc1nn(-c2ccnc(Nc3ccc4c(cnn4C)c3)n2)cc1CN1CC(O)C1,5.727462223,train,0
Cc1nnsc1C1=NNC(=O)/C1=C\c1cn(C)c2cccc(Br)c12,7.455931956,train,0
Cc1nnsc1C1=NNC(=O)/C1=C\c1cn(C)c2cccc(Cl)c12,7.337242168,train,0
Cc1nnsc1C1=NNC(=O)/C1=C\c1cn(C)c2ccccc12,7.017728767,train,0
Clc1ccc(/C=C/C(=N/Nc2nncc3ccccc23)c2ccccc2)cc1,8.809668302,train,0
Clc1ccc(Nc2nnc(-c3cccc4cnccc34)c3ccccc23)cc1,7.30980392,train,0
Clc1ccc(SCc2n[nH]c(-c3ccc(Cl)cc3)n2)cc1,5.111764327,train,0
Cn1cc(-c2cnc3c(-c4csc(C(=O)NCC(F)(F)F)c4)cnn3c2)cn1,7.795880017,train,0
Cn1cc(-c2cnc3ccc(N(CC4CC4)c4ccccc4)cc3n2)cn1,6.339049189,train,0
Cn1cc(-c2cnc3ccc(N(CCCNCC(F)(F)F)c4cc(Cl)cc(Cl)c4)cc3n2)cn1,6.079480143,train,0
Cn1cc(-c2cncc(Oc3cccc(NC(=O)Nc4cc(C(C)(C)C)on4)c3)n2)cn1,5.853561865,train,0
Cn1cc(/C=C2\C(=O)NN=C2c2cnccn2)c2c(Br)cccc21,8.15490196,train,0
Cn1cc(/C=C2\C(=O)NN=C2c2cnns2)c2ccc(Cl)cc21,7.13076828,train,0
Cn1cc(/C=C2\C(=O)NN=C2c2nccs2)c2c(Br)cccc21,7.337242168,train,0
Cn1cc(/C=C2\C(=O)NN=C2c2nccs2)c2cc3c(cc21)OCO3,7.48148606,train,0
Cn1cc(/C=C2\C(=O)NN=C2c2snnc2-c2ccccc2)c2c(Br)cccc21,7.045757491,train,0
Cn1cc(Nc2nccc(N3C[C@H]4CC[C@H](C3)N4C(=O)[C@@H]3CC3(F)F)n2)cn1,5.795608668,train,0
Cn1cc2c(n1)CCc1c-2c2c(c3c1[nH]c1ccc(C4CCCCO4)cc13)CNC2=O,8.22184875,train,0
Cn1cc2c(n1)CCc1c-2c2c(c3c4cc(C5CCCCO5)ccc4n(C)c13)CNC2=O,7.795880017,train,0
Cn1cc2c(n1)CCc1c-2c2c(c3c4cc(C5CCCCO5)ccc4n(CC4CCCCC4)c13)CNC2=O,6.823908741,train,0
Cn1cc2c(n1)CCc1c-2c2c(c3c4cc(C5CCCCO5)ccc4n(CCCO)c13)CNC2=O,7.769551079,train,0
Cn1cc2c(n1)CCc1c-2c2c(c3c4cc(C5CCCCO5)ccc4n(CCO)c13)CNC2=O,8.397940009,train,0
Cn1cnc(NCCc2ccc3c(c2)OCO3)c1-c1nnc(Nc2ccc(Cl)cc2)o1,6.017276612,train,0
Cn1cnc(NCc2ccncc2)c1-c1nnc(Nc2ccc(-c3ccccc3)cc2)o1,5.492009275,train,0
Cn1cnc(NCc2ccncc2)c1-c1nnc(Nc2ccc(C(C)(C)C)cc2)o1,6.198736154,train,0
Cn1cnc(NCc2ccncc2)c1-c1nnc(Nc2ccc(C(F)(F)F)cc2)o1,7.105845094,train,0
Cn1cnc(NCc2ccncc2)c1-c1nnc(Nc2ccc(Cl)c(C(F)(F)F)c2)o1,7.176112975,train,0
Cn1cnc(NCc2ccncc2)c1-c1nnc(Nc2ccc(Cl)cc2)o1,6.421845085,train,0
Cn1cnc(NCc2ccncc2)c1-c1nnc(Nc2ccc(OC(F)(F)Cl)cc2)o1,6.947978485,train,0
Cn1cnc(NCc2ccncc2)c1-c1nnc(Nc2cccc(OC(F)(F)F)c2)o1,7.105315423,train,0
Cn1nc(N)c2c(-c3ccc(NC(=O)Nc4ccc(F)c(C(F)(F)F)c4)cc3)cncc21,7.853871964,train,0
Cn1ncc2c(Oc3ccc4c(c3)nc(Nc3ccc(Br)cc3)n4C)ncnc21,7.510041521,train,0
Cn1ncc2c(Oc3ccc4c(c3)nc(Nc3ccc(Cl)c(C(F)(F)F)c3)n4C)ncnc21,6.868060705,train,0
Cn1ncc2c(Oc3ccc4c(c3)nc(Nc3ccc(F)cc3)n4C)ncnc21,7.369572125,train,0
Cn1ncc2c(Oc3ccc4c(c3)nc(Nc3cccc(C(F)(F)F)c3)n4C)ncnc21,6.820448209,train,0
Cn1ncc2c1CCc1c-2c2c(c3c4cc(C5CCCCO5)ccc4n(CCO)c13)CNC2=O,8.096910013,train,0
FC(F)(Cl)Oc1ccc(Nc2nnc(-c3ccncc3CCc3ccncc3)o2)cc1,6.465256603,train,0
FC(F)(F)Oc1ccc(Nc2nnc(-c3ccncc3CCc3ccncc3)o2)cc1,6.317245712,train,0
FC(F)(F)Oc1cccc(Nc2nnc(-c3cnccc3CCc3ccncc3)o2)c1,6.188731872,train,0
FC(F)(F)c1ccc(COc2ccc(Nc3ncnc4cc5c(cc34)OCCOCCOCCOCCO5)cc2)cc1,7.324221658,train,0
FC(F)(F)c1ccc(Nc2nnc(-c3ccncc3CCc3ccncc3)o2)cc1,6.339085873,train,0
FC(F)(F)c1cccc(Nc2nnc(-c3cccnc3CCc3cccc4ncccc34)o2)c1,5.2486439,train,0
N#CC1(c2cccc(C(=O)Nc3cc(Oc4ccc5nc(NC(=O)C6CC6)sc5n4)ccc3F)c2Cl)CC1,8.420216403,train,0
N#Cc1ccc2c(c1)NC(=O)/C2=C(\Nc1ccc(CN2CCCCC2)cc1)c1ccccc1,6.603800653,train,0
N#Cc1cnc(Nc2cc(N3CCN(CCN4CCOCC4)CC3)ncn2)s1,7.792513326,train,0
N#Cc1cnc(Nc2ccc(CCC(=O)N3CCOCC3)cc2)nc1-c1ccccc1,6.742321425,train,0
N#Cc1cnc(Nc2ccc(CCN3CCCC3)cc2)nc1-c1ccccc1,6.954677021,train,0
N#Cc1cnc(Nc2ccc(CCO)cc2)nc1-c1nc2ccccc2s1,6.467245621,train,0
N#Cc1cnc(Nc2ccc3ccccc3c2)nc1-c1ccccc1,5.677573948,train,0
N#Cc1cnc(Nc2cccc(CN3CCOCC3)c2)nc1-c1ccccc1,6.442492798,train,0
N#Cc1cnc(Nc2ccnc(N)n2)s1,6.253365801,train,0
NC(=O)c1ccc(-c2nnc(Nc3cccc(Br)c3)c3ccccc23)cc1,5.920456993,train,0
NC(=O)c1cccc(-c2nnc(Nc3ccc(OC(F)(F)Cl)cc3)c3ccccc23)c1,5.387110231,train,0
NC(=S)N/N=C1\C(=O)N(Cc2ccccc2)c2ccc(Cl)cc21,6.756961951,train,0
NC1=NNC(=O)/C1=C1/C(=O)N(Cc2ccccc2)c2ccc(Cl)cc21,7.070581074,train,0
NS(=O)(=O)c1ccc(Nc2nccc(Nc3ccc4[nH]ncc4c3)n2)cc1,7.59345982,train,0
Nc1c(-c2nc3ccc[nH]c-3n2)c(O)nc2ccccc12,7.769551079,train,0
Nc1c(C(=O)c2cc3ccccc3o2)cnn1-c1cc(O)ccc1Cl,6.76700389,train,0
Nc1ccc2c(Cc3ccncc3)nnc(Nc3ccc(Cl)cc3)c2c1,6.186419011,train,0
Nc1n[nH]c2cc(-c3cnn(CC(=O)Nc4cccc(C(F)(F)F)c4F)c3)ccc12,7.638272164,train,0
Nc1nc(Nc2ccc(Cl)cc2)c2cc(Cc3cccc4ccccc34)[nH]c2n1,6.2069084,train,0
Nc1ncc(-c2cccc(S(N)(=O)=O)c2)c2occ(-c3ccc(NC(=O)Nc4cc(C(F)(F)F)ccc4F)cc3)c12,8.283996656,train,0
Nc1ncnc2c3c(n(-c4ccc(CC(=O)Nc5cc(C(F)(F)F)ccc5F)cc4)c12)CCC3,7.958607315,train,0
Nc1ncnc2c3c(n(-c4ccc(CC(=O)Nc5ccc6c(c5)CCC6)cc4)c12)CCC3,7.958607315,train,0
Nc1ncnn2ccc(C(=O)Nc3ccc(NC(=O)Nc4cccc(F)c4)cc3)c12,5.927750102,train,0
O=C(CC(=O)Nc1ccc2c(c1)NC(=O)/C2=C\c1ccc[nH]1)Nc1ccc(F)cc1,5.751413756,train,0
O=C(CCCCCCC(=O)Nc1ccc2c(c1)/C(=C/c1ccc[nH]1)C(=O)N2)NO,6.623423043,train,0
O=C(CCSC(=S)N1CCCCC1)Nc1cccc(NC(=O)c2ccccn2)c1,6.943095149,train,0
O=C(CCSC(=S)N1CCOCC1)Nc1cccc(NC(=O)c2ccccn2)c1,6.696803943,train,0
O=C(CN1CCN(c2cc(=O)n(-c3ccccc3)c3ccccc23)CC1)Nc1nc(-c2ccc(Cl)cc2)cs1,7.195860568,train,0
O=C(CSC(=S)N1CCN(C2CCCCC2)CC1)Nc1cccc(NC(=O)c2ccccn2)c1,6.793174124,train,0
O=C(CSc1nc2ccccc2n2cnnc12)Nc1ccc(C(=O)NC2CCCCC2)cc1,7.296708622,train,0
O=C(CSc1nc2ccccc2n2cnnc12)Nc1ccc(C(=O)NNC(=O)c2ccc([N+](=O)[O-])cc2)cc1,7.444905551,train,0
O=C(CSc1nc2ccccc2n2cnnc12)Nc1ccc(C(=O)NNc2ccccc2)cc1,7.829738285,train,0
O=C(Cc1ccccc1)Nc1cccc(CNc2ncnc3c2cnn3CCc2ccccc2)c1,5.190372958,train,0
O=C(Cn1c(-c2ccco2)nc2ccccc21)N/N=C/c1ccccc1Cl,6.19314197,train,0
O=C(N/N=C/c1cc(F)c(F)cc1Cl)N1CCc2ncnc(Nc3ccc(F)c(Cl)c3)c2C1,6.767257937,train,0
O=C(N/N=C/c1ccc(Br)cc1)Nc1ccc(Oc2ccnc3[nH]ccc23)c(F)c1,5.050561199,train,0
O=C(NC1CC1)c1ccc(F)c(CCc2cnc(Nc3ccccn3)s2)c1,7.823908741,train,0
O=C(NC1CCCCC1)c1cc2c(-c3ccccc3)[nH]nc2s1,6.308918508,train,0
O=C(NCC1(N2CCOCC2)CCCCC1)c1ccc2[nH]nc(-c3ccc(N4CCOCC4)cc3)c2c1,5.42010213,train,0
O=C(NCc1ccc(-c2cc(NC(=O)c3ccc(OCCN4CCCC4)cc3)[nH]n2)cc1)OCc1ccccc1,6.91721463,train,0
O=C(NCc1ccccc1)Nc1cccc(CNc2ncnc3c2cnn3CCc2ccccc2)c1,5.171275673,train,0
O=C(NCc1ccccc1)c1cc2c(-c3ccccc3)[nH]nc2s1,6.300162274,train,0
O=C(NCc1ccccc1)c1ccc(F)c(NCc2cnc(Nc3ccccn3)s2)c1,7.744727495,train,0
O=C(NO)c1ccc(-c2cc3c(NCc4ccccc4)ncnc3[nH]2)cc1,5.999565923,train,0
O=C(Nc1ccc(-c2ccc3c(=O)nc[nH]c3c2)cc1)C1(C(=O)Nc2cccc(C(F)(F)F)c2)CCC1,6.506346804,train,0
O=C(Nc1ccc(-c2ccccc2)cc1)c1scnc1CCc1ccncc1,5.966174306,train,0
O=C(Nc1ccc(Br)cc1)c1scnc1CCc1ccncc1,6.027985553,train,0
O=C(Nc1ccc(Cl)c(C(F)(F)F)c1)c1scnc1CCc1cnoc1,5.673459331,train,0
O=C(Nc1ccc(Cl)c(Cl)c1)c1scnc1CCc1cnoc1,5.90274269,train,0
O=C(Nc1ccc(Cl)cc1)Nc1ccc(/N=C2\C(=O)Nc3ccccc32)cc1,5.600153287,train,0
O=C(Nc1ccc(Cl)cc1)Nc1ccc(C(=O)N/N=C2\C(=O)Nc3ccc(Br)cc32)cc1,5.427012292,train,0
O=C(Nc1ccc(Cl)cc1)Nc1ccc(C(=O)N/N=C2\C(=O)Nc3ccccc32)cc1,5.358426747,train,0
O=C(Nc1ccc(Cl)cc1)c1scnc1CCc1ccnc2ccccc12,5.470954829,train,0
O=C(Nc1ccc(Cl)cc1)c1scnc1CCc1cnoc1,5.685338481,train,0
O=C(Nc1ccc(N2CCOCC2)cc1)c1ccccc1Cn1ccc2ncnc-2c1,6.675717545,train,0
O=C(Nc1ccc(N2CCOCC2)cc1)c1scnc1CCc1ccncc1,6.191977133,train,0
O=C(Nc1ccc(Nc2ncnc3sc4c(c23)CCNC4)cc1)Nc1ccc(Cl)c(C(F)(F)F)c1,5.261140198,train,0
O=C(Nc1ccc(OC(F)(F)Cl)cc1)c1ccccc1Cn1ccc2ncnc-2c1,7.017728767,train,0
O=C(Nc1ccc(OCCN2CCOCC2)c(F)c1)c1cccc(-c2cccc(O)c2)c1,6.885222268,train,0
O=C(Nc1ccc(OCCN2CCOCC2)cc1)c1cccc(-c2cccc(O)c2)c1,7.197089511,train,0
O=C(Nc1ccc(Oc2ccccc2)cc1)c1ccccc1Cn1ccc2ncnc-2c1,5.809388202,train,0
O=C(Nc1ccc2[nH]c(-c3ccc(Cl)cc3)nc2c1)c1ccc(Cl)c(Br)c1,6.265040239,train,0
O=C(Nc1ccc2c(c1)OCO2)c1ccccc1Cn1ccc2ncnc-2c1,6.63638802,train,0
O=C(Nc1ccc2c(c1)OCO2)c1scnc1CCc1ccncc1,6.455399048,train,0
O=C(Nc1cccc(CNc2ncnc3c2cnn3CCc2ccccc2)c1)c1ccc(Br)cc1,5.458295977,train,0
O=C(Nc1cccc(CNc2ncnc3c2cnn3CCc2ccccc2)c1)c1ccc([N+](=O)[O-])cc1,5.482672118,train,0
O=C(Nc1ccccc1)Nc1ccc(C(=O)N/N=C2\C(=O)Nc3ccc(Cl)cc32)cc1,5.40329297,train,0
O=C(Nc1ccccc1)Nc1ccc(C(=O)N/N=C2\C(=O)Nc3ccc(F)cc32)cc1,5.374584648,train,0
O=C(Nc1ccccc1)Nc1ccc(Oc2ccc3nccn3n2)cc1,5.283913146,train,0
O=C(Nc1ccccc1)Nc1cccc(CNc2ncnc3c2cnn3CCc2ccccc2)c1,5.665345233,train,0
O=C(Nc1ccccc1)Nc1nc(Nc2ccccc2)cc(Sc2c[nH]c3ccccc23)n1,5.562090964,train,0
O=C(Nc1ccccc1)Nc1nc(Sc2c[nH]c3ccccc23)cc(N2CCOCC2)n1,5.916855857,train,0
O=C(Nc1cnn(-c2ccccc2)c1)c1cccc(NS(=O)(=O)c2ccc(Cl)cc2)c1,5.621420424,train,0
O=C(Nc1nc2ccc(Cl)cc2s1)c1cn(-c2ccccc2)nc1-c1ccc(Cl)cc1,6.590066877,train,0
O=C(Nc1nc2ccc(F)cc2s1)c1cn(-c2ccccc2)nc1-c1ccc(F)cc1,6.876148359,train,0
O=C(O)CCC1CCCc2[nH]c(/C=C3\C(=O)Nc4ccccc43)cc21,7.040958608,train,0
O=C1/C(=C/c2ccccn2)CNC/C1=C\c1ccccn1,6.179798541,train,0
O=C1/C(=C\c2ccc(O)c(O)c2)Oc2ccccc21,5.224680878,train,0
O=C1/C(=N\N=c2\[nH]c(-c3ccc(Cl)cc3)cs2)c2cc(Cl)ccc2N1Cc1ccccc1,6.798602876,train,0
O=C1CS/C(=N/Nc2nncc3ccccc23)N1,8.26760624,train,0
O=C1NN=C(c2cnns2)/C1=C/c1cc2c([nH]1)CCCC2,7.244125144,train,0
O=C1Nc2cc([N+](=O)[O-])ccc2/C1=C(/Nc1ccc(CN2CCCCC2)cc1)c1ccccc1,8.096910013,train,0
O=C1Nc2ccc(Cl)cc2/C1=N/NC(=O)c1ccc(NC(=O)c2ccc(Cl)cc2)cc1,5.380802284,train,0
O=C1Nc2ccccc2/C1=C(/Nc1ccc(CN2CCCCC2)cc1)c1ccccc1,5.675100503,train,0
O=C1Nc2ccccc2/C1=C/c1ccc(-c2cccs2)s1,5.946537395,train,0
O=C1Nc2ccccc2/C1=C\c1ccc2c(/C=C/c3ccncc3)n[nH]c2c1,7.455931956,train,0
O=S(=O)(Cc1ccccc1)Nc1cccc(CNc2ncnc3c2cnn3CCc2ccccc2)c1,5.65150043,train,0
O=c1c(-c2ccc(F)cc2)c[nH]c2ccnc(Nc3ccc(Oc4ncnc5cc6c(cc45)OCCOCCOCCO6)c(F)c3)c12,7.313363731,train,0
O=c1cc(-c2ccc3c(c2)ncn3-c2ccccc2)ccn1CCN1CCCCC1,7.050609993,train,0
O=c1ccc(-c2ccc3c(c2)ncn3-c2ccccc2)cn1CCCN1CCCCC1,7.420216403,train,0
O=c1ccc2ccccc2cc1-c1nc2ccccc2[nH]1,6.448550002,train,0
OCCCNc1cncc(-c2cncc(Nc3cccc(Cl)c3)n2)c1,7.070581074,train,0
OCCCNc1cncc(-c2cncc(Nc3cccc(Cl)c3)n2)n1,6.302770657,train,0
OCCCNc1cnccc1-c1cncc(Nc2cccc(Cl)c2)n1,6.118045029,train,0
OC[C@H](Nc1cnc(-c2cc(Cl)ccc2O)c(-c2ccc3cnccc3c2)c1)c1ccccc1,8.744727495,train,0
c1cc(-c2cnn3cc(-c4ccc(N5CCNCC5)cc4)cnc23)c2cccnc2c1,5.690156995,train,0
c1cc(-c2nnc(Nc3ccc(N4CCOCC4)cc3)c3ccccc23)c2ccncc2c1,6.407823243,train,0
c1cc2c(ncc3nnc(C4CCCCC4)n32)[nH]1,5.584859648,train,0
c1cc2c(ncc3onc(C4CCCCC4)c32)[nH]1,6.696803943,train,0
c1ccc(-c2ccc(Nc3nnc(-c4cccnc4CCc4ccncc4)o3)cc2)cc1,5.579879152,train,0
c1ccc(Nc2ncc3c(n2)-c2ccccc2SC3)cc1,5.086133188,train,0
c1ccc(Oc2ccc(Nc3ncnc4ccccc34)cc2)cc1,5.565271458,train,0
c1ccc2c(c1)c(-c1cncc(-c3ccsc3)c1)cn2CCN1CCOCC1,7.214670165,train,0
c1ccc2c3c([nH]c2c1)-c1n[nH]cc1CCC3,6.135952624,train,0
Brc1ccc(-c2nc3ccc(Nc4ncnc5ccccc45)cc3[nH]2)cc1,6.419075024,test,51
C=CC(=O)Nc1ccc(-c2ccc(NC(=O)Nc3ccc(F)cc3)cc2)cn1,8.047207557,test,32
C=CC(=O)Nc1ccc(-c2ccc(NC(=O)Nc3cccc(C(C)C)c3)cc2)cn1,8.508638306,test,32
C=CC(=O)Nc1ccc(-c2ccc(NC(=O)Nc3cccc(Cl)c3)cc2)cn1,8.474955193,test,32
C=CC(=O)Nc1cccc(-c2ccc(NC(=O)Nc3c(C)cccc3C)cc2)n1,6.380687489,test,32
C=CC(=O)Nc1cccc(-c2ccc(NC(=O)Nc3ccc(C(C)(C)C)cc3)cc2)n1,7.88941029,test,32
C=CC(=O)Nc1cccc(-c2ccc(NC(=O)Nc3ccc(C)c(Cl)c3)cc2)n1,8.09420412,test,32
C=CC(=O)Nc1cccc(-c2ccc(NC(=O)Nc3cccc(Cl)c3)cc2)n1,6.907244276,test,32
CC(=O)N1CCN(CCOc2cc(OC(C)C)c3c(Nc4c(F)ccc5c4OCO5)ncnc3c2)CC1,5.187019834,test,48
CC(=O)N1CCN([C@H]2C[C@@H](n3cc(-c4ccc(Cl)c(N)c4)c4c(N)ncnc43)C2)CC1,6.075204004,test,29
CC(=O)N1CCN([C@H]2C[C@@H](n3cc(-c4ccc(Cl)c(O)c4)c4c(N)ncnc43)C2)CC1,6.118615343,test,29
CC(=O)N1CCN([C@H]2C[C@@H](n3cc(-c4ccc(O)cc4)c4c(N)ncnc43)C2)CC1,5.187019834,test,29
CC(=O)N1CCc2[nH]c(/C=C3\C(=O)Nc4ccc(OC(C)C)cc43)cc2C1,6.045275209,test,28
CC(=O)N1CCc2[nH]c(/C=C3\C(=O)Nc4ccc([N+](=O)[O-])cc43)cc2C1,7.214670165,test,28
CC(=O)Nc1cc(-c2ccc(NC(=O)Nc3cc(C(C)(C)C)on3)cc2)[nH]n1,7.629818655,test,33
CC(=O)Nc1ccc2c(c1)/C(=C/c1cc3c([nH]1)CCN(C(=O)N1CCOCC1)C3)C(=O)N2,8.096910013,test,28
CC(=O)Nc1n[nH]c2cc(-c3cnn(CC(=O)Nc4ccc(C)c(C(F)(F)F)c4)c3)ccc12,8.585026652,test,52
CC(=O)Nc1oc(-c2cc3ccccc3cc2O)nc1-c1ccccc1,7.769551079,test,11
CC(=O)Nc1oc(-c2cncc(-c3cccc(Cl)c3)c2)nc1-c1ccccc1,5.079824478,test,11
CC(=O)Nc1oc(-c2cncc(-c3cccc(F)c3)c2)nc1-c1ccccc1,5.244048959,test,11
CC(=O)Nc1oc(-c2cncc(-c3ccsc3)c2)nc1-c1ccccc1,6.728158393,test,11
CC(C)(C)c1cc(NC(=O)Nc2ccc(-c3cc(N)n[nH]3)cc2)no1,6.015914788,test,33
CC(C)(C)c1cc(NC(=O)Nc2cccc(Oc3cncc(-c4ccc(S(C)(=O)=O)cc4)n3)c2)no1,5.318668294,test,33
CC(C)(C)c1cc(NC(=O)c2cnc3cc(Oc4ncnc5c4CNC5)ccn23)no1,7.071665758,test,54
CC(C)(C)c1cc(NC(=O)n2ccc3cc(Oc4ncnc5c4CCNC5)ccc32)n[nH]1,8.372363747,test,54
CC(C)(C)c1cc(NC(=O)n2ccc3cc(Oc4ncnc5c4CNC5)ccc32)n[nH]1,8.698970004,test,54
CC(C)(C)c1cc(NC(=O)n2ccc3cc(Oc4ncnc5c4CNC5)ccc32)on1,6.856996439,test,54
CC(C)(C)c1cc(NC(=O)n2ccc3cc(Oc4ncnc5c4CNC5)cnc32)no1,7.269851837,test,54
CC(C)(C)c1cc(NC(=O)n2ccc3ncc(Oc4ncnc5c4CNC5)cc32)no1,6.798817716,test,54
CC(C)(C)c1cc(NC(=O)n2ncc3cc(Oc4ncnc5c4CNC5)ccc32)no1,5.497266006,test,54
CC(C)(CO)c1cc(NC(=O)n2ccc3cc(Oc4ncnc5c4CNC5)ccc32)no1,8.455931956,test,54
CC(C)Oc1cc(OCCCN2CCCC2)cc2ncnc(Nc3c(Cl)ccc4c3OCO4)c12,5.920456993,test,48
CC(C)c1cc(NC(=O)n2ccc3cc(Oc4ncnc5c4CCNC5)ccc32)n[nH]1,8.276420984,test,54
CC(C)c1cc(NC(=O)n2ccc3cc(Oc4ncnc5c4CNC5)ccc32)no1,8.292429824,test,54
CC(C)c1cccc(NC(=O)c2cccc(N3CCc4ccncc4C3)c2)c1,7.397940009,test,10
CC1(c2cc(NC(=O)n3ccc4cc(Oc5ncnc6c5CCNC6)ccc43)n[nH]2)CC1,8.397940009,test,54
CC1(c2cc(NC(=O)n3ccc4cc(Oc5ncnc6c5CNC6)ccc43)n[nH]2)CC1,8.823908741,test,54
CC1(c2cc(NC(=O)n3ccc4cc(Oc5ncnc6c5CNC6)ccc43)no2)CC1,8.142667504,test,54
CCCCNC(=O)c1ccc2c(c1)C(=C(c1ccccc1)c1nc3ccccc3[nH]1)C(=O)N2,6.835647144,test,42
CCCN(c1ccc(OC)cc1)c1ncnc2occ(C)c12,7.886056648,test,19
CCN(CC)CCCCCNc1cc2nc(NC(=O)NC(C)(C)C)c(-c3cc(OC)cc(OC)c3)cc2cn1,8.301029996,test,47
CCN(CC)CCCCNc1cc2nc(N)c(-c3cc(OC)cc(OC)c3)cc2cn1,6.655607726,test,47
CCN(CC)CCCCNc1cc2nc(N)c(-c3ccccc3)cc2cn1,5.443576879,test,47
CCN(CC)CCCCNc1cc2nc(NC(=O)NC(C)(C)C)c(-c3c(Cl)cccc3Cl)cc2cn1,7.585026652,test,47
CCN(CC)CCCCNc1cc2nc(NC(=O)NC(C)(C)C)c(-c3cc(OC)cc(OC)c3)cc2cn1,8.15490196,test,47
CCN(CC)CCCCNc1cc2nc(NC(=O)NC(C)(C)C)c(-c3ccccc3)cc2cn1,6.742321425,test,47
CCN(CC)CCCNC(=O)c1c(C)[nH]c(/C=C2\C(=O)Nc3ccc(F)cc32)c1C,6.317854924,test,40
CCN(CC)CCCNc1cc2nc(NC(=O)NC(C)(C)C)c(-c3cc(OC)cc(OC)c3)cc2cn1,7.795880017,test,47
CCN(CC)CCN1CCCCc2[nH]c(/C=C3\C(=O)Nc4ccc(F)cc43)c(C)c2C1=O,6.806233903,test,40
CCN(CC)CCN1CCCc2[nH]c(/C=C3\C(=O)Nc4ccc(F)cc43)c(C)c2C1=O,7.432433674,test,40
CCN(CC)CCN1CCc2[nH]c(/C=C3\C(=O)Nc4ccc(F)cc43)c(C)c2C1=O,8.372363747,test,40
CCN(CC)CCOc1ccc(NC(=O)Nc2cc(OC)c(OC)c(-c3ccc(/C(C)=N/O)c(OC)c3)c2)cc1,8.642065153,test,37
CCN(CC)CCOn1nc(N)c2c(-c3ccc(NC(=O)Nc4cc(C)ccc4F)cc3)cccc21,7.460409377,test,17
CCN(c1ccc(OC)cc1)c1ncnc2occ(C)c12,7.165579296,test,19
CCN1CCC(Nc2ccc3c(c2)C(=C(c2ccc(OC)cc2)c2nc4ccccc4[nH]2)C(=O)N3)CC1,7.853871964,test,42
CCN1CCC(Nc2ccc3c(c2)C(=C(c2ccccc2)c2nc4cc(OC)ccc4[nH]2)C(=O)N3)CC1,7.552841969,test,42
CCN1CCC(Nc2ccc3c(c2)C(=C(c2ccccc2)c2ncc[nH]2)C(=O)N3)CC1,6.627087997,test,42
CCN1CCC(Oc2ccc3c(c2)C(=C(c2ccccc2)c2nc4cc(OC)ccc4[nH]2)C(=O)N3)CC1,6.669586227,test,42
CCN1CCCC(Nc2ccc3c(c2)C(=C(c2ccccc2)c2nc4cc(OC)ccc4[nH]2)C(=O)N3)C1,6.303643611,test,42
CCN1CCN(c2ccc(-c3nn(CC4CCCC4)c4nc(NC)ncc34)cn2)CC1,5.721017883,test,12
CCN1CCN(c2ccc(-c3nn(Cc4cn(Cc5ccccc5)nn4)c4nc(NC)ncc34)cn2)CC1,5.113452877,test,12
CCNC(=O)Nc1cccc(-c2cnc3cc(-c4ccc(F)c(C)n4)ccn23)c1,6.954677021,test,41
CCNC(=O)Nc1cccc(-c2cnc3cc(-c4ncc(F)c(N)n4)ccn23)c1,6.166852888,test,41
CCNC(=O)Nc1cccc(-c2cnc3cc(-c4ncc(OC)cn4)ccn23)c1,6.850780887,test,41
CCNC(=O)Nc1cccc(-c2cnc3cc(-c4ncccn4)ccn23)c1,5.859806321,test,41
CCNC(=O)Nc1cccc(-c2cnc3cc(-c4nnc(C(F)(F)F)s4)ccn23)c1,5.193752173,test,41
CCNC(=O)Nc1cccc(-c2cnc3cc(C#Cc4cncn4C)ccn23)c1,6.494850022,test,41
CCNC(=O)Nc1nc2cc(NCCCCN(CC)CC)ncc2cc1-c1c(Cl)cccc1Cl,6.882728704,test,47
CCNC(=O)Nc1nc2cc(NCCCCN(CC)CC)ncc2cc1-c1cc(OC)cc(OC)c1,7.327902142,test,47
CCNC(=O)Nc1nc2cc(NCCCN3CCN(C)CC3)ncc2cc1-c1c(Cl)cccc1Cl,6.954677021,test,47
CCNc1n[nH]c2cc(-c3cnn(CC(=O)Nc4ccc(C)c(C(F)(F)F)c4)c3)ccc12,7.408935393,test,52
CCNc1nnc(-c2ccn3c(-c4cccc(NC(=O)NCC(F)(F)F)c4)cnc3c2)s1,8.022276395,test,41
CCOC(=O)Nc1ccc(Nc2ncnc3sc4c(c23)CCCC4)cc1C,5.502932064,test,23
CCOC(=O)Nc1ccc(Oc2ncnc3cc(OC)c(OC)cc23)cc1C,6.221125528,test,24
CCS(=O)(=O)c1ccc(OC)c(Nc2ncc(-c3cc(-c4ccccn4)cc(-c4ccccn4)c3)o2)c1,7.794527071,test,43
CCS(=O)(=O)c1ccc(OC)c(Nc2ncc(-c3cc(-c4cccnc4)cc(-c4ccccn4)c3)o2)c1,7.282329497,test,43
CCS(=O)(=O)c1ccc(OC)c(Nc2ncc(-c3cc(Br)cc(-c4ccccn4)c3)o2)c1,6.692503962,test,43
CCS(=O)(=O)c1ccc(OC)c(Nc2ncc(-c3ccc(CC#N)c(-c4ccccn4)c3)o2)c1,7.619788758,test,43
CCS(=O)(=O)c1ccc(OC)c(Nc2ncc(-c3cccc(-c4ccccc4)c3)o2)c1,7.096910013,test,43
CCS(=O)(=O)c1ccc(OC)c(Nc2ncc(-c3cccc(-c4ccccc4F)c3)o2)c1,7.045757491,test,43
CCS(=O)(=O)c1ccc(OC)c(Nc2ncc(-c3cccc(-c4ccccn4)c3)o2)c1,7.638272164,test,43
CCS(=O)(=O)c1ccc(OC)c(Nc2ncc(-c3cccc(C(C)=O)c3)o2)c1,7.036212173,test,43
CCS(=O)(=O)c1ccc(OC)c(Nc2ncc(-c3ccccc3)o2)c1,7.292429824,test,43
CCS(=O)(=O)c1ccc(OC)c(Nc2ncc(-c3ccccc3Cl)o2)c1,6.442492798,test,43
CCc1ccc(-c2cc(C(=O)Nc3ccc(Oc4ccnc(C(=O)NC)c4)cc3)ncn2)cc1,5.443576879,test,3
CCc1ccc(-c2nc3ccc(Nc4ncnc5ccccc45)cc3[nH]2)cc1,5.06093025,test,51
CCc1cccc(NC(=O)Nc2ccc(Oc3ccc4nc(NC(=O)OC)[nH]c4c3)cc2)c1,8.408935393,test,36
CCn1c(=O)c(-c2cc(NC(=O)NCCC(C)(C)C)c(F)cc2C)cc2cnc(NC)cc21,7.585026652,test,31
CCn1cc(Nc2ncc(Cl)c(N[C@H]3[C@@H](C(N)=O)[C@@H]4C=C[C@H]3C4)n2)cn1,8.22184875,test,53
CN(C)CC(=O)N1CCC(c2cc(-c3cnc(N)c(-n4nnc5ccccc54)n3)n(C)n2)CC1,7.040958608,test,9
CN(C)CC(=O)N1CCC(c2nc(-c3cnc(N)c(-n4nnc5ccccc54)n3)n(C)n2)CC1,5.045709238,test,9
CN(C)CC(=O)N1CCC(c2nc(-c3cnc(N)c(-n4nnc5ccccc54)n3)nn2C)CC1,5.920456993,test,9
CN(C)CC(=O)N1CCC(n2cc(-c3cnc(N)c(-n4nnc5ccccc54)n3)cn2)CC1,7.522878745,test,9
CN(C)CC(=O)N1CCC(n2ccc(-c3cnc(N)c(-n4nnc5ccccc54)n3)n2)CC1,6.76700389,test,9
CN(C)CC(=O)N1CCC(n2ncc(-c3cnc(N)c(-n4nnc5ccccc54)n3)n2)CC1,6.675717545,test,9
CN(C)CCCOc1ccc(-c2cnc3c(-c4ccnc5ccccc45)cnn3c2)cc1,5.685500772,test,39
CN(C)Cc1ccc(/C=C/c2n[nH]c3cc(/C=C4/C(=O)Nc5ccccc54)ccc23)cc1,7.638272164,test,1
CN(C)Cc1ccc(/C=C/c2n[nH]c3cc([C@@H]4C[C@@]45C(=O)Nc4ccccc45)ccc23)cc1,6.954677021,test,1
CN(C)[C@H]1CCN(c2ccc3[nH]c(-c4c(N)c5ccccc5[nH]c4=O)nc3c2)C1,7.214670165,test,44
CN(c1ccc(F)c(NC(=O)c2cccc(OC(C)(C)C#N)c2Cl)c1)c1ccc2nc(NC(=O)C3CC3)sc2n1,8.657577319,test,13
CN(c1ccc(NC(=O)Nc2cc(C(F)(F)F)ccc2F)cc1)c1ccnc(Nc2ccc(S(N)(=O)=O)cc2)n1,8.698970004,test,18
CN(c1ccc(NC(=O)Nc2cc(C(F)(F)F)ccc2F)cc1)c1ccnc(Nc2cccc(CS(C)(=O)=O)c2)n1,7.443697499,test,18
CN(c1ccc(NC(=O)Nc2cc(C(F)(F)F)ccc2F)cc1)c1ccnc(Nc2cccc(S(N)(=O)=O)c2)n1,8.698970004,test,18
CN1CCC(COc2ccc3c(Nc4ccc(NC(=O)Nc5ccc(Cl)c(C(F)(F)F)c5)cc4)ncnc3c2)CC1,7.619788758,test,23
CN1CCC(N(C)c2ccc3[nH]c(-c4[nH]nc5ccccc45)nc3c2)CC1,6.821023053,test,45
CN1CCC[C@@H]1COc1cc(Nc2nc3cc(Oc4ccnc5[nH]ccc45)ccc3o2)ccc1Cl,8.22184875,test,7
CN1CCC[C@@H]1COc1cc(Nc2nc3cc(Oc4ccnc5ccccc45)ccc3[nH]2)ccc1C(F)(F)F,7.476253533,test,7
CN1CCN(C(=O)c2ccc3[nH]c(-c4cc5ccccc5nc4O)cc3c2)CC1,8.22184875,test,42
CN1CCN(CCCNc2cc3nc(N)c(-c4c(Cl)cccc4Cl)cc3cn2)CC1,5.744486287,test,47
CN1CCN(CCCNc2cc3nc(N)c(-c4ccccc4)cc3cn2)CC1,5.537452271,test,47
CN1CCN(CCCNc2cc3nc(NC(=O)NC(C)(C)C)c(-c4c(Cl)cccc4Cl)cc3cn2)CC1,7.823908741,test,47
CN1CCN(Cc2cc(Nc3nc4cc(Oc5ccnc6[nH]ccc56)ccc4[nH]3)ccc2Cl)CC1,6.841637508,test,7
CN1CCN(Cc2ccc(-c3[nH]nc4c3Cc3ccccc3-4)cc2)CC1,5.853561865,test,45
CN1CCN(Cc2ccc3c(c2)-c2[nH]nc(-c4ccccc4)c2C3)CC1,6.221125528,test,45
CN1CCN(Cc2ccc3c(c2)Cc2c(-c4ccc(O)cc4)n[nH]c2-3)CC1,6.300162274,test,45
CN1CCN(Cc2ccc3c(c2)Cc2c(-c4ccccc4)n[nH]c2-3)CC1,6.151817873,test,45
CN1CCN(Cc2ccc3c(c2)Cc2c(-c4cccnc4)n[nH]c2-3)CC1,5.036164969,test,45
CN1CCN(Cc2ccc3c(c2)Cc2c(-c4cccs4)n[nH]c2-3)CC1,5.978397284,test,45
CN1CCN(Cc2cccc(-c3[nH]nc4c3Cc3ccccc3-4)c2)CC1,5.468393368,test,45
CN1CCN(c2ccc(-c3cnc4c(-c5ccnc6ccccc56)cnn4c3)cc2)CC1,5.817870786,test,39
CN1CCN(c2ccc3[nH]c(-c4c(N)c5c(Cl)cccc5[nH]c4=O)nc3c2)CC1,7.823908741,test,44
CN1CCN(c2ccc3[nH]c(-c4c(N)c5cc(F)c(F)cc5[nH]c4=O)nc3c2)CC1,6.718966633,test,44
CN1CCN(c2ccc3[nH]c(-c4c(N)c5cc(F)c(N(C)C)cc5[nH]c4=O)nc3c2)CC1,5.275642196,test,44
CN1CCN(c2ccc3[nH]c(-c4c(N)c5cc(N(C)C)ccc5[nH]c4=O)nc3c2)CC1,6.793174124,test,44
CN1CCN(c2ccc3[nH]c(-c4c(N)c5ccc(F)cc5[nH]c4=O)nc3c2)CC1,7.823908741,test,44
CN1CCN(c2ccc3[nH]c(-c4c(O)nc5ccccc5c4N)nc3n2)CC1,7.602059991,test,6
CNC(=O)[C@H]1[C@@H]2C=C[C@@H](C2)[C@H]1Nc1nc(Nc2cnn(C)c2)ncc1C(F)(F)F,7.161150909,test,53
CNC(=O)c1cc(Oc2ccc(/C=C/c3ccncc3)cc2)ccn1,6.536107011,test,3
CNC(=O)c1cc(Oc2ccc(NC(=O)Nc3ccc(Cl)c(C(F)(F)F)c3)c(F)c2)ccn1,8.283996656,test,3
CNC(=O)c1cc(Oc2ccc3c(C(=O)Nc4ccc(Cl)cc4)cccc3c2)ccn1,8.395773947,test,3
CNC(=O)c1cc(Oc2ccc3oc(Nc4ccc(Cl)cc4)nc3c2)ccn1,6.115204636,test,3
CNC(=O)c1ccc(Sc2cccc(NC(=S)Nc3cc(C(F)(F)F)cc(C(F)(F)F)c3)c2)nc1,6.051587034,test,38
CNC(=O)c1ccc(Sc2cccc(NC(=S)Nc3cccc(C(F)(F)F)c3)c2)nc1,5.160145015,test,38
CNC(=O)c1ncc(C#Cc2cc(C(=O)Nc3ccc(CN4CCN(CCO)CC4)c(C(F)(F)F)c3)ccc2C)n1C,8.48148606,test,38
CNCc1cc(Oc2ccc3c(ccn3C(=O)Nc3cc(C4(C)CC4)[nH]n3)c2)ncn1,8.522878745,test,54
CNS(=O)(=O)c1cc(Nc2n[nH]c3cc(-c4cnn(CC(=O)Nc5ccc(Cl)c(C(F)(F)F)c5)c4)ccc23)ccc1C,6.389339837,test,52
CNS(=O)(=O)c1ccc(Nc2nc(Cl)nc3cc(OC)c(OC)cc23)cc1,6.07007044,test,26
CNc1cc2nc(C)c(-c3cc(NC(=O)NCCC(C)(C)C)c(F)cc3C)cc2cn1,6.76700389,test,31
CNc1cc2nc(C)c(-c3cc(NC(=O)NC[C@@H](O)C(C)(C)C)c(F)cc3C)cc2cn1,6.124360063,test,31
CNc1cc2nc(C)c(-c3ccc(F)c(NC(=O)NCCC(C)(C)C)c3)cc2cn1,7.468521083,test,31
CNc1ccc2c(N)c(-c3nc4cc(N5CCN(C)CC5)ccc4[nH]3)c(=O)[nH]c2c1,5.999565923,test,44
CNc1cccc2[nH]c(=O)c(-c3nc4cc(N5CCN(C)CC5)ccc4[nH]3)c(N)c12,7.26760624,test,44
CNc1ncc2c(-c3ccc(N4CCN(C)CC4)cc3)nn(CC3CCCC3)c2n1,7.173925197,test,12
CNc1ncc2c(-c3ccc(N4CCN(C)CC4)nc3)nn(CC3CCCC3)c2n1,6.396855627,test,12
CNc1ncc2c(-c3ccc(N4CCNCC4)nc3)nn(CC3CCCC3)c2n1,6.160521953,test,12
CNc1ncc2c(-c3ccc(N4CCNCC4)nc3)nn(CC3OCCO3)c2n1,5.346690987,test,12
CNc1ncc2cc(-c3cc(NC(=O)NCCC(C)(C)C)c(F)cc3C)cnc2n1,5.721017883,test,31
CNc1ncc2cc(-c3ccc(F)c(NC(=O)NCCC(C)(C)C)c3)c(C)nc2n1,6.124360063,test,31
CNc1ncnc(-c2cccnc2Oc2cc(NC(=O)c3cccc(OC(F)(F)C(F)F)c3)ccc2C)n1,5.366430557,test,25
CNc1ncnc(-c2cccnc2Oc2cc(NC(=O)c3cccc(OC(F)(F)F)c3)ccc2C)n1,6.266802735,test,25
COC(=O)Nc1nc2cc(Oc3ccc(NC(=O)Nc4cccc(Br)c4)cc3)ccc2[nH]1,8.677780705,test,36
COC(=O)Nc1nc2cc(Oc3ccc(NC(=O)Nc4cccc(C(=O)O)c4)cc3)ccc2[nH]1,6.218963061,test,36
COC(=O)Nc1nc2cc(Oc3ccc(NC(=O)Nc4ccccc4)cc3)ccc2[nH]1,7.48148606,test,36
COC(=O)Nc1nc2ccc(Oc3ccc(NC(=O)Nc4cc(F)ccc4F)cc3)cc2[nH]1,8.065501549,test,36
COC(=O)Nc1nc2ccc(Oc3ccc(NC(=O)Nc4cc(N)ccc4F)cc3)cc2[nH]1,6.718966633,test,36
COC(=O)Nc1nc2ccc(Oc3ccc(NC(=O)Nc4cccc(Cl)c4)cc3)cc2[nH]1,8.13667714,test,36
COC(=O)Nc1nc2ccc(Oc3ccc(NC(=O)Nc4cccc(SC(F)(F)F)c4)cc3)cc2[nH]1,8.638272164,test,36
COC(=O)c1ccc2c(c1)NC(=O)/C2=C(\Nc1ccc2[nH]c(C(=O)N3CCN(C)CC3)cc2c1)c1ccccc1,7.154281982,test,42
COC1CCN(c2nccc(Nc3cc(NC(=O)c4c(Cl)cccc4Cl)ccn3)n2)CC1,5.482672118,test,30
COC1CCN(c2nccc(Nc3cc4[nH]c(-c5cn[nH]c5)cc4cn3)n2)CC1,6.657577319,test,30
COC1CCN(c2nccc(Nc3cc4[nH]c(-c5cn[nH]c5)nc4cn3)n2)CC1,5.866141875,test,30
COC1CCN(c2nccc(Nc3cc4c(C(C)C)n[nH]c4cn3)n2)CC1,5.649558143,test,30
COC1CCN(c2nccc(Nc3cc4c(ccn4C(C)C)cn3)n2)CC1,5.70092874,test,30
COC1CCN(c2nccc(Nc3cc4c(ccn4C4CCCC4)cn3)n2)CC1,5.643782866,test,30
COC1CCN(c2nccc(Nc3cc4c(cn3)c(N)nn4C(C)C)n2)CC1,5.779630368,test,30
COCCN1CCC(Nc2ccc3c(c2)C(=C(c2ccccc2)c2nc4ccccc4[nH]2)C(=O)N3)CC1,7.744727495,test,42
COCCNC(=O)c1ccc2c(c1)C(=C(c1ccccc1)c1nc3ccccc3[nH]1)C(=O)N2,6.88941029,test,42
COCCn1nc(N)c2c(-c3ccc(NC(=O)Nc4cc(C)ccc4F)cc3)cccc21,5.509900995,test,17
COc1cc(-c2cc(NC(=O)Nc3ccc(OCCCN(C)C)cc3)cc(OC)c2OC)ccc1/C(C)=N/O,6.690369833,test,37
COc1cc(-c2cc(NC(=O)Nc3ccc(OCCCN(C)C)cc3)cc(OC)c2OC)ccc1C(C)=O,7.732828272,test,37
COc1cc(-c2cc(NC(=O)Nc3ccc(OCCN(C)C)cc3)cc(OC)c2OC)ccc1/C(C)=N/O,8.169411331,test,37
COc1cc(-c2cc(NC(=O)Nc3ccc(OCCN4CCCC4)cc3)cc(OC)c2OC)ccc1C(C)=O,6.744727495,test,37
COc1cc(/C=C/C(=O)Nc2cc3c(Nc4ccc(F)c(Cl)c4)ncnc3cc2O[C@@H]2CCOC2)cc(OC)c1OC,8.337242168,test,50
COc1cc(NC(=O)Nc2ccccn2)cc(-c2c[nH]cn2)c1OC,7.465593101,test,37
COc1cc(NC(=O)Nc2nccs2)cc(-c2cccnc2)c1OC,6.534304926,test,37
COc1cc(NC(=O)Nc2nccs2)cc(-c2cn(C)cn2)c1OC,6.375563195,test,37
COc1cc(Nc2ncnc3cc(OCCCN4CCOCC4)cc(OC4CCOCC4)c23)c(Cl)cn1,7.091514981,test,48
COc1cc(O)c2c(c1)-c1cccc(c1)CCC(=O)/C=C\C[C@H](C)OC2=O,7.167491087,test,22
COc1cc(O)c2c(c1)-c1cccc(c1)[C@@H](O)[C@H](O)C(=O)/C=C\C[C@H](C)OC2=O,8.341035157,test,22
COc1cc(O)c2c(c1)-c1cccc(c1)[C@H](O)[C@@H](O)C(=O)/C=C\C[C@H](C)OC2=O,7.060480747,test,22
COc1cc(O)c2c(c1)-c1cccc(c1)[C@H](O)[C@@H](O)C(=O)CCC[C@H](C)OC2=O,6.026410377,test,22
COc1cc(O)c2c(c1)-c1cccc(c1)[C@H](O)[C@H](O)C(=O)/C=C\C[C@H](C)OC2=O,7.259637311,test,22
COc1cc(O)c2c(c1)/C=C/C[C@@H](O)[C@H](O)C(=O)/C=C\C[C@H](C)OC2=O,8.826813732,test,22
COc1cc2c(Nc3ccc(Br)c(Cl)c3)ncnc2cc1O[C@@H]1CCOC1,7.292429824,test,50
COc1cc2c(Nc3ccc(Br)c(Cl)c3)ncnc2cc1O[C@@H]1CO[C@@H]2[C@@H](NS(C)(=O)=O)CO[C@H]12,5.999565923,test,50
COc1cc2c(Nc3ccc(Br)c(Cl)c3)ncnc2cc1O[C@@H]1CO[C@@H]2[C@@H](O)CO[C@H]12,5.999565923,test,50
COc1cc2c(Nc3ccc(Br)c(Cl)c3)ncnc2cc1O[C@@H]1CO[C@@H]2[C@@H](OS(C)(=O)=O)CO[C@@H]21,5.999565923,test,50
COc1cc2c(Nc3ccc(Br)c(Cl)c3)ncnc2cc1O[C@H]1CO[C@@H]2CCO[C@H]12,5.999565923,test,50
COc1cc2c(Nc3ccc(Br)c(Cl)c3)ncnc2cc1O[C@H]1CO[C@@H]2[C@@H](NC(C)=O)CO[C@H]12,5.999565923,test,50
COc1cc2c(Nc3ccc(Br)c(Cl)c3)ncnc2cc1O[C@H]1CO[C@@H]2[C@@H](O)CO[C@H]12,5.999565923,test,50
COc1cc2c(Nc3ccc(Br)c(Cl)c3)ncnc2cc1O[C@H]1CO[C@@H]2[C@@H](OC(C)=O)CO[C@H]12,5.999565923,test,50
COc1cc2c(Nc3ccc(Br)c(Cl)c3)ncnc2cc1O[C@H]1CO[C@@H]2[C@@H](OC(F)F)CO[C@H]12,5.999565923,test,50
COc1cc2c(Nc3ccc(Br)cc3F)ncnc2cc1OCCOCCNC(=O)Cn1cnc([N+](=O)[O-])n1,7.422738046,test,35
COc1cc2c(Nc3ccc(Br)cc3F)ncnc2cc1OCCOCCOCCNC(=O)Cn1cnc([N+](=O)[O-])n1,6.662001949,test,35
COc1cc2c(Nc3ccc(Cl)c(Cl)c3)ncnc2cc1OCC1CN(C(=O)c2c(F)ccc(F)c2F)CCO1,7.292429824,test,50
COc1cc2c(Nc3ccc(Cl)c(Cl)c3)ncnc2cc1OCC1CN(C(=O)c2cc(F)ccc2F)CCO1,7.292429824,test,50
COc1cc2c(Nc3ccc(Cl)c(Cl)c3)ncnc2cc1O[C@H]1CO[C@@H]2[C@@H](OC)CO[C@H]12,5.999565923,test,50
COc1cc2c(Nc3ccc(Cl)c(Cl)c3F)ncnc2cc1OCCOCCNC(=O)Cn1cnc([N+](=O)[O-])n1,7.162159138,test,35
COc1cc2c(Nc3ccc(Cl)cc3F)ncnc2cc1OCCNC(=O)CCCCC1SCC2NC(=O)NC21,5.318668294,test,35
COc1cc2c(Nc3ccc(Cl)cc3F)ncnc2cc1OCCOCCNC(=O)CCCCC1SCC2NC(=O)NC21,5.823619308,test,35
COc1cc2c(Nc3ccc(F)cc3Cl)ncnc2cc1OCCOCCNC(=O)Cn1cnc([N+](=O)[O-])n1,5.389011047,test,35
COc1cc2c(Nc3ccc(F)cc3Cl)ncnc2cc1OCCOCCOCCNC(=O)Cn1cnc([N+](=O)[O-])n1,5.542716237,test,35
COc1cc2c(Nc3ccc(NC(=O)c4ccccc4)cc3)ncnc2cc1OCCCN1CCN(C)CC1,6.251037139,test,25
COc1cc2c(Nc3ccc(NC(=O)c4ccccc4)cc3)ncnc2cc1OCCN1CCCCC1,5.325966,test,25
COc1cc2c(Oc3ccc(NC(=O)N/N=C/c4ccc(F)cc4F)cc3F)ccnc2cc1OCCCN1CCC(C)CC1,6.160521953,test,2
COc1cc2nc(Cl)nc(Nc3ccc(C(N)=O)cc3)c2cc1OC,5.931443105,test,26
COc1cc2nc(Cl)nc(Nc3ccc(O)cc3)c2cc1OC,5.677573948,test,26
COc1cc2nc(Cl)nc(Nc3ccc(S(N)(=O)=O)cc3)c2cc1OC,5.990974258,test,26
COc1cc2nccc(Oc3ccc4oc(Nc5ccc(Cl)c(OC[C@@H]6CCCN6C)c5)nc4c3)c2cc1OC,8.096910013,test,7
COc1cc2ncnc(N3CCc4c(O)cccc43)c2cc1OC,5.022230682,test,21
COc1cc2ncnc(Oc3ccc(NC(=O)Nc4ccc(Br)cc4)c(C)c3)c2cc1OC,7.387216143,test,24
COc1cc2ncnc(Oc3ccc(NC(=O)Nc4ccc(F)c(Cl)c4)c(C)c3)c2cc1OC,8.15490196,test,24
COc1cc2ncnc(Oc3ccc(NC(=O)Nc4ccc5ccccc5c4)c(C)c3)c2cc1OC,8.522878745,test,24
COc1ccc(-c2cc(NC(=O)Nc3ccccn3)cc(OC)c2OC)cn1,7.094743951,test,37
COc1ccc(-c2ccc(Cn3cc(-c4ccc(C(F)(F)F)cc4)nn3)cc2)cn1,7.11429962,test,46
COc1ccc(-c2ccc(Cn3cc(-c4ccc(C)cc4)nn3)cc2)cn1,7.012467797,test,46
COc1ccc(-c2ccc(Cn3cc(-c4cccc(C)c4)nn3)cc2)cn1,7.91829273,test,46
COc1ccc(-c2ccc(Cn3cc(-c4cccc(Cl)c4)nn3)cc2)cn1,8.580044252,test,46
COc1ccc(-c2ccc(Cn3cc(-c4cccc(N)c4)nn3)cc2)cn1,8.54515514,test,46
COc1ccc(-c2ccc(Cn3cc(-c4ccccc4)nn3)cc2)cn1,7.937042166,test,46
COc1ccc(-c2ccc(OC(F)(F)F)c(NC(=O)Nc3cc(C(=O)OCCN(C)C)ccc3OC)c2)cn1,5.267525823,test,8
COc1ccc(-c2cnc3c(-c4ccnc5ccccc45)cnn3c2)cc1,5.366430557,test,39
COc1ccc(-c2cnc3cncc(Nc4ccc(N5CCCCC5)cc4)c3n2)cc1,5.68803434,test,34
COc1ccc(-c2cnc3cncc(Nc4ccc(N5CCOCC5)cc4)c3n2)cc1,5.480040819,test,34
COc1ccc(-c2cncc(-c3nc(-c4ccccc4)c(NC(C)=O)o3)c2)cc1,5.39351115,test,11
COc1ccc(-c2csc(NC(=O)CN3CCN(c4cc(=O)[nH]c5ccc(F)cc45)CC3)n2)cc1,7.283245643,test,49
COc1ccc(-c2csc(NC(=O)CN3CCN(c4cc(=O)n(-c5ccccc5)c5ccccc45)CC3)n2)cc1,6.755722879,test,49
COc1ccc(-c2csc(NC(=O)CN3CCN(c4nnc(-c5ccccc5)c5ccccc45)CC3)n2)cc1,5.841336019,test,49
COc1ccc(-c2oc3ncnc(N)c3c2-c2ccc(NC(=O)Nc3cc(C(F)(F)F)ccc3F)cc2)cc1,8.397940009,test,18
COc1ccc(/C=C/C(=O)Nc2cc3c(Nc4ccc(F)c(Cl)c4)ncnc3cc2O[C@@H]2CCOC2)cc1,8.337242168,test,50
COc1ccc(/C=C/C(=O)Nc2cc3c(Nc4ccc(F)c(Cl)c4)ncnc3cc2O[C@H]2CCOC2)c(OC)c1OC,6.319664487,test,50
COc1ccc(C(=O)OCCN(C(C)C)C(C)C)cc1NC(=O)Nc1cc(-c2cccnc2)cc(C(F)(F)F)c1,5.075669015,test,8
COc1ccc(C(=O)OCCN(C)C)cc1NC(=O)Nc1cc(-c2cccnc2)cc(C(F)(F)F)c1,7.537602002,test,8
COc1ccc(C(=O)OCCN(C)C)cc1NC(=O)Nc1cc(-c2cccnc2)ccc1OC(F)(F)F,7.200659451,test,8
COc1ccc(C(=O)OCCN2CCOCC2)cc1NC(=O)Nc1cc(-c2cncnc2)ccc1OC(F)(F)F,5.327809749,test,8
COc1ccc(Cl)c(Nc2ncnc3cc(OCCCN4CCCC4)cc(OC(C)C)c23)n1,6.045275209,test,48
COc1ccc(Cl)c(Nc2ncnc3cc(OCCCN4CCN(C(C)=O)CC4)cc(OC(C)C)c23)n1,5.568475416,test,48
COc1ccc(Cl)c(Nc2ncnc3cc(OCCCN4CCOCC4)cc(OC(C)C)c23)c1,7.508638306,test,48
COc1ccc(Cl)c(Nc2ncnc3cc(OCCCN4CCOCC4)cc(OC(C)C)c23)n1,5.721017883,test,48
COc1ccc(Cl)c(Nc2ncnc3cc(OCCCN4CCOCC4)cc(OC4CCOCC4)c23)n1,5.259558355,test,48
COc1ccc(Cl)c(Nc2ncnc3cc(OCCN4CCCC4)cc(OC(C)C)c23)n1,5.443576879,test,48
COc1ccc(Cl)c(Nc2ncnc3cc(OCCN4CCN(C(C)=O)CC4)cc(OC(C)C)c23)n1,5.20059052,test,48
COc1ccc(Cl)c(Nc2ncnc3cc(OCCN4CCN(C)CC4)cc(OC(C)C)c23)n1,6.243363892,test,48
COc1ccc(Cl)c(Nc2ncnc3cc(OCCN4CCOCC4)cc(OC(C)C)c23)n1,5.537452271,test,48
COc1ccc(N(C)c2ncnc3occ(C)c23)cc1,7.987162775,test,19
COc1ccc(N(c2ncnc3occ(C)c23)C(C)C)cc1,7.612610174,test,19
COc1ccc(NC(=O)Nc2cccc(Sc3ccnc4ccsc34)c2)cc1,6.966576245,test,15
COc1ccc(NC(=S)Nc2ccc(Nc3ncnc4sc5c(c34)CCNC5)cc2)cc1,5.643782866,test,23
COc1ccc(Nc2nc3cnc(Nc4ccc(N5CCN(C)CC5)cc4)nc3n2C(C)C)cc1,7.657577319,test,34
COc1ccc(Nc2nccc(Oc3ccc(NC(=O)C4(C(=O)Nc5ccc(F)cc5)CC4)cc3F)n2)cc1,5.357041121,test,20
COc1ccc(Nc2ncnc3occ(C)c23)cc1,7.407823243,test,19
COc1ccc2c(c1)/C(=C/c1cc3c([nH]1)CCN(C(=O)c1cnoc1C)C3)C(=O)N2,7.769551079,test,28
COc1ccc2c(c1)/C(=C\c1ccc3c(/C=C/c4ccc(N5CCN(C)CC5)nc4)n[nH]c3c1)C(=O)N2,6.317854924,test,1
COc1ccc2c(c1)CCCN2c1nc(C)nc2ccccc12,7.987162775,test,21
COc1ccc2c(c1)CCCN2c1nc(C)nc2oc(C)cc12,7.465973894,test,21
COc1ccc2c(c1)CCCN2c1nc(Cl)nc2ccccc12,7.250263684,test,21
COc1ccc2c(c1)CCCN2c1nc(N)nc2c(Cc3ccccc3)c[nH]c12,7.069050969,test,21
COc1ccc2c(c1)CCN2c1nc(C)nc2oc(C)cc12,7.659555885,test,21
COc1ccc2c(c1)NC(=O)/C2=C\c1cc2c([nH]1)CCCC2CCC(=O)O,6.419075024,test,27
COc1cccc(-c2cncc(-c3nc(-c4ccccc4)c(NC(C)=O)o3)c2)c1,5.313274379,test,11
COc1cccc(Nc2cncc3ncc(-c4ccc(N5CCCCC5)cc4)nc23)c1,5.053498609,test,34
COc1cccc(Nc2nccc(Oc3ccc(NC(=O)C4(C(=O)Nc5ccc(F)cc5)CC4)cc3F)n2)c1,6.63638802,test,20
COc1cnc(Cl)c(Nc2ncnc3cc(OCCCN4CCOCC4)cc(OC(C)C)c23)c1,7.508638306,test,48
COc1cnc(Cl)c(Nc2ncnc3cc(OCCCN4CCOCC4)cc(OC4CCOCC4)c23)c1,7.508638306,test,48
COc1cnc(Nc2cnn(C)c2)nc1N[C@H]1[C@@H](C(N)=O)[C@@H]2C=C[C@H]1C2,6.034798299,test,53
CS(=O)(=O)Cc1cccc(Nc2cc(Oc3ccc(NC(=O)C4(C(=O)Nc5ccc(F)cc5)CC4)cc3F)ccn2)c1,7.769551079,test,20
CS(=O)(=O)Cc1cccc(Nc2n[nH]c3cc(-c4cnn(CC(=O)Nc5ccc(Cl)c(C(F)(F)F)c5)c4)ccc23)c1,6.841637508,test,52
C[C@@H]1Cc2c(ncnc2Oc2ccc3c(ccn3C(=O)Nc3cc(C4(C)CC4)[nH]n3)c2)CN1,8.383501945,test,54
C[C@H]1Cc2c(ncnc2Oc2ccc3c(ccn3C(=O)Nc3cc(C4(C)CC4)[nH]n3)c2)CN1,8.721246399,test,54
Cc1[nH]c(/C=C2\C(=O)Nc3ccccc32)c(C)c1CCC(=O)O,5.40882405,test,27
Cc1[nH]c2c(c1C(=O)NCCCN1CCCC1)CCC/C2=C1/C(=O)Nc2ccc(F)cc21,8.318758763,test,40
Cc1[nH]c2c(c1C(=O)NCCN1CCCC1)CCC/C2=C1/C(=O)Nc2ccc(F)cc21,7.970616222,test,40
Cc1[nH]c2c(c1C(=O)NCCN1CCCCC1)CCC/C2=C1/C(=O)Nc2ccc(F)cc21,8.27572413,test,40
Cc1c(/C=C2\C(=O)Nc3ccc(F)cc32)[nH]c2c1C(=O)N(CCN1CCCC1)CC2,8.045757491,test,40
Cc1c(/C=C2\C(=O)Nc3ccc(F)cc32)[nH]c2c1C(=O)N(C[C@H](O)CN1CCOCC1)CCC2,7.560739102,test,40
Cc1c[nH]c(/C=C2\C(=O)Nc3ccccc32)c1CCC(=O)O,7.677780705,test,27
Cc1cc(-c2ccc(NC(=O)Nc3ccc(Cl)c(C(F)(F)F)c3)cc2)c2c(N)onc2n1,6.749579998,test,17
Cc1cc(=O)n(-c2ccc(F)cc2)nc1C(=O)Nc1ccc(Oc2ccnc3[nH]ccc23)c(F)c1,6.172114017,test,2
Cc1cc(C(=O)Nc2cc(Oc3ccc4nc(NC(=O)C5CC5)sc4n3)ccc2C)n(C)n1,8.657577319,test,13
Cc1cc(C(=O)Nc2cccc(Oc3ccc4nc(NC(=O)C5CC5)sc4n3)c2)n(C)n1,8.638272164,test,13
Cc1cc(C=C2C(=O)Nc3ccc(F)cc32)c2ccccc(OCCN3CCC[C@H]3CO)c1-2,6.728158393,test,40
Cc1cc(F)c(NC(=O)NCCC(C)(C)C)cc1-c1cc2cnc(N)nc2nc1C,6.266802735,test,31
Cc1cc(N2CCN(C)CC2)ccc1NC(=O)Nc1ccc(-c2ccnc3[nH]nc(C)c23)cc1,5.166406706,test,10
Cc1cc(NC(=O)n2ccc3cc(Oc4ncnc5c4CNC5)ccc32)no1,5.76421913,test,54
Cc1cc(Oc2ccnc(NC(=O)N3CCC(N4CCN(C)CC4)CC3)c2)ccc1NC(=O)C1(C(=O)Nc2ccc(F)cc2)CC1,7.769551079,test,20
Cc1cc2nc(-c3c(N)c4ccccc4[nH]c3=O)[nH]c2cc1C,6.675717545,test,44
Cc1ccc(-c2cn(Cc3ccc(-c4cccnc4)cc3)nn2)cc1,7.772113295,test,46
Cc1ccc(-c2cn(Cc3ccc(-c4cncnc4)cc3)nn2)cc1,7.918652692,test,46
Cc1ccc(-c2cn(Cc3ccc(-c4cnn(C)c4)cc3)nn2)cc1,8.804100348,test,46
Cc1ccc(-c2csc(NC(=O)CN3CCN(c4cc(=O)[nH]c5ccc(F)cc45)CC3)n2)cc1,6.527536103,test,49
Cc1ccc(-c2csc(NC(=O)CN3CCN(c4cc(=O)n(-c5ccccc5)c5ccccc45)CC3)n2)cc1,6.773915884,test,49
Cc1ccc(-c2n[nH]c3c2Cc2cc(CN4CCN(C)CC4)ccc2-3)s1,5.261933285,test,45
Cc1ccc(-c2nc3ccc(Nc4ncnc5ccccc45)cc3[nH]2)cc1,5.322301819,test,51
Cc1ccc(C(=O)Nc2cccc(C(F)(F)F)c2)cc1-c1ccc2nc(NCCN3CCOCC3)ncc2c1,8.698970004,test,38
Cc1ccc(C(=O)Nc2cccc(C(F)(F)F)c2)cc1C#Cc1ccc(N)nc1,8.698970004,test,38
Cc1ccc(C(=O)Nc2cccc(C(F)(F)F)c2)cc1C#Cc1cnc(N)nc1,8.522878745,test,38
Cc1ccc(C(=O)Nc2cccc(C(F)(F)F)c2)cc1C#Cc1cnc2ccccc2c1,8.698970004,test,38
Cc1ccc(C(=O)Nc2cccc(C(F)(F)F)c2)cc1C#Cc1cnc2ccccc2n1,8.301029996,test,38
Cc1ccc(C(=O)Nc2ccccc2)cc1Nc1ncccc1-c1ccncn1,6.360513511,test,25
Cc1ccc(F)c(NC(=O)Nc2ccc(-c3cncc4[nH]nc(N)c34)cc2)c1,8.698970004,test,17
Cc1ccc(F)c(NC(=O)Nc2ccc(-c3cncc4c3c(N)nn4C)cc2)c1,8.397940009,test,17
Cc1ccc(NC(=O)C2(C(=O)Nc3ccc(-c4ccc5c(=O)nc[nH]c5c4)cc3)CCC2)cc1Cl,7.48945499,test,4
Cc1ccc(NC(=O)Cn2cc(-c3ccc4c(N)n[nH]c4c3)cn2)cc1C(F)(F)F,8.431798276,test,52
Cc1ccc(NC(=O)Cn2cc(-c3ccc4c(NC(=O)C(C)C)n[nH]c4c3)cn2)cc1C(F)(F)F,7.537602002,test,52
Cc1ccc(NC(=O)Cn2cc(-c3ccc4c(NC(=O)C5CC5)n[nH]c4c3)c(C)n2)cc1C(F)(F)F,7.552841969,test,52
Cc1ccc(NC(=O)Cn2cc(-c3ccc4c(NC(=O)C5CC5)n[nH]c4c3)cn2)cc1C(F)(F)F,8.619788758,test,52
Cc1ccc(NC(=O)Cn2cc(-c3ccc4c(NC(=O)C5CCCC5)n[nH]c4c3)cn2)cc1C(F)(F)F,7.795880017,test,52
Cc1ccc(NC(=O)Cn2cc(-c3ccc4c(NC(=O)C5CCN(C)CC5)n[nH]c4c3)cn2)cc1C(F)(F)F,7.920818754,test,52
Cc1ccc(NC(=O)Cn2cc(-c3ccc4c(NC(=O)c5cccnc5)n[nH]c4c3)cn2)cc1C(F)(F)F,8.48148606,test,52
Cc1ccc(NC(=O)Cn2cc(-c3ccc4c(NC(=O)c5cnn(C)c5)n[nH]c4c3)cn2)cc1C(F)(F)F,8.761953897,test,52
Cc1ccc(NC(=O)Cn2cc(-c3ccc4c(NCC5CC5)n[nH]c4c3)cn2)cc1C(F)(F)F,7.214670165,test,52
Cc1cccc(-c2nc3ccc(Nc4ncnc5ccccc45)cc3[nH]2)c1,5.182368533,test,51
Cc1cccc(C(=O)c2cnn(-c3cc(O)ccc3Cl)c2N)c1,5.537452271,test,5
Cc1cccc(NC(=O)Nc2ccc(-c3cccc4c3CNC4=O)cc2C)c1,7.698970004,test,10
Cc1cccc(NC(=O)Nc2ccc(N3CCc4ccncc4C3)c(C)c2)c1,6.510041521,test,10
Cc1cccc(NC(=O)Nc2ccc(N3CCc4ccncc4C3)cc2)c1,5.657379957,test,10
Cc1cccc(NC(=O)Nc2cccc(Sc3ccnc4ccsc34)c2)c1,7.920818754,test,15
Cc1cccc(NC(=O)c2cccc(N3CCc4nc(N)ncc4C3)c2)c1,6.93930216,test,10
Cc1cccc2[nH]c(=O)c(-c3nc4cc(N5CCN(C)CC5)ccc4[nH]3)c(N)c12,7.886056648,test,44
Cc1ccccc1-c1nc2ccc(Nc3ncnc4ccccc34)cc2[nH]1,5.029141943,test,51
Cc1cnc(Nc2cnn(C)c2)nc1N[C@H]1[C@@H](C(N)=O)[C@@H]2C=C[C@H]1C2,6.329754147,test,53
Cc1sc2ncnc(N)c2c1-c1ccc(NC(=O)Nc2cccc(F)c2)cc1,7.259637311,test,14
Clc1cc(Cl)cc(-c2nc3ccc(Nc4ncnc5ccccc45)cc3[nH]2)c1,5.734946211,test,51
Clc1ccc(-c2nc3ccc(Nc4ncnc5ccccc45)cc3[nH]2)cc1,7.040958608,test,51
Clc1ccc(-c2nc3ccc(Nc4ncnc5ccccc45)cc3[nH]2)cc1Cl,6.118615343,test,51
Clc1cccc(-c2nc3ccc(Nc4ncnc5ccccc45)cc3[nH]2)c1,5.80106813,test,51
Clc1ccccc1-c1nc2ccc(Nc3ncnc4ccccc34)cc2[nH]1,5.060430831,test,51
Cn1cc(-c2ccc(Cn3cc(-c4cccc(NC(=O)C5CC5)c4)nn3)cc2)cn1,8.288192771,test,46
Cn1cc(-c2ccc(Cn3cc(-c4ccccc4)nn3)cc2)cn1,6.299919622,test,46
Cn1cc(-c2ccn3c(N)c(-c4ccc(NC(=O)Nc5cccc(F)c5)cc4)cnc23)cn1,7.522878745,test,14
Cn1cc(-c2cncc(-c3ccc(NC(=O)Nc4cc(C(C)(C)C)nn4C)cc3)n2)cn1,6.017276612,test,33
Cn1cc(-c2cncc(-c3ccc(NC(=O)Nc4cc(C(C)(C)C)no4)cc3)n2)cn1,5.999565923,test,33
Cn1cc(C(=O)Nc2ccc(Oc3ccc4nc(NC(=O)C5CC5)cn4n3)cc2)c(=O)n1-c1ccccc1,7.677780705,test,16
Cn1cc(Nc2n[nH]c3cc(-c4cnn(CC(=O)Nc5ccc(Cl)c(C(F)(F)F)c5)c4)ccc23)cn1,6.655607726,test,52
Cn1cc(Nc2ncc(Br)c(N[C@H]3[C@@H](C(N)=O)[C@@H]4C=C[C@H]3C4)n2)cn1,8,test,53
Cn1cc(Nc2ncc(C(F)(F)F)c(N[C@H]3[C@@H](C(=O)NC4CC4)[C@@H]4C=C[C@H]3C4)n2)cn1,6.53313238,test,53
Cn1cc(Nc2ncc(C(F)(F)F)c(N[C@H]3[C@@H](C(N)=O)[C@@H]4C=C[C@H]3C4)n2)cn1,7.664877073,test,53
Cn1cc(Nc2ncc(C(N)=O)c(N[C@H]3[C@@H](C(N)=O)[C@@H]4C=C[C@H]3C4)n2)cn1,5.812197361,test,53
Cn1cc(Nc2ncc(Cl)c(N[C@H]3[C@@H](C(N)=O)[C@@H]4C=C[C@H]3C4)n2)cn1,7.750844723,test,53
Cn1cc(Nc2ncc(F)c(N[C@H]3[C@@H](C(N)=O)[C@@H]4C=C[C@H]3C4)n2)cn1,6.48148606,test,53
Cn1cc(Nc2ncc([N+](=O)[O-])c(N[C@H]3[C@@H](C(N)=O)[C@@H]4C=C[C@H]3C4)n2)cn1,7.292429824,test,53
Cn1cc2ccc(Nc3n[nH]c4cc(-c5cnn(CC(=O)Nc6ccc(Cl)c(C(F)(F)F)c6)c5)ccc34)cc2n1,6.602059991,test,52
Cn1ccc2ncnc(Oc3ccc(NC(=O)Nc4cccc(F)c4)cc3)c21,7.698970004,test,14
Cn1ncc2c(N)c(-c3nc4ccccc4[nH]3)c(O)nc21,5.522734005,test,6
FC(F)(F)c1cc(Nc2nc3cc(Oc4ccncc4)ccc3[nH]2)ccc1Cl,5.409269594,test,7
FC(F)(F)c1ccc(-c2nc3ccc(Nc4ncnc5ccccc45)cc3[nH]2)cc1,5.053007659,test,51
Fc1ccc(-c2nc3ccc(Nc4ncnc5ccccc45)cc3[nH]2)cc1,7.677780705,test,51
Fc1ccc(Br)c(-c2nc3ccc(Nc4ncnc5ccccc45)cc3[nH]2)c1,5.069509435,test,51
Fc1cccc(-c2nc3ccc(Nc4ncnc5ccccc45)cc3[nH]2)c1,6.085656843,test,51
Fc1ccccc1-c1nc2ccc(Nc3ncnc4ccccc34)cc2[nH]1,5.197157887,test,51
N#Cc1c(Oc2ccc(F)c(NC(=O)Cc3cccc(C(F)(F)F)c3)c2)ccc2nc(NC(=O)C3CC3)sc12,6.793174124,test,13
N#Cc1c(Oc2ccc(F)c(NC(=O)Nc3ccc(C(F)(F)F)cc3)c2)ccc2nc(NC(=O)C3CC3)sc12,6.179798541,test,13
N#Cc1c(Oc2ccc(F)c(NC(=O)Nc3cccc(C(F)(F)F)c3)c2)ccc2nc(NC(=O)C3CC3)sc12,6.136082623,test,13
N#Cc1ccc(NC(=O)Nc2ccc(Sc3ccnc4ccsc34)cc2)cc1,5.077741777,test,15
N#Cc1ccc(NC(=O)Nc2cccc(Sc3ccnc4ccsc34)c2)cc1,6.684029655,test,15
NC(=O)Cn1cc(Nc2ncc(Cl)c(N[C@H]3[C@@H](C(N)=O)[C@@H]4C=C[C@H]3C4)n2)cn1,7.247968559,test,53
NC(=O)Nc1cccc(-c2cnc3cc(Cl)ccn23)c1,5.859806321,test,41
NC(=O)[C@H]1[C@@H]2C=C[C@@H](C2)[C@H]1Nc1nc(Nc2cnn(CC(=O)O)c2)ncc1Cl,8.698970004,test,53
NC(=O)[C@H]1[C@@H]2C=C[C@@H](C2)[C@H]1Nc1nc(Nc2cnn(CCN3CCOCC3)c2)ncc1Cl,7.551186454,test,53
NC(=O)[C@H]1[C@@H]2C=C[C@@H](C2)[C@H]1Nc1nc(Nc2cnn(CCO)c2)ncc1Cl,7.73235294,test,53
NC(=O)[C@H]1[C@@H]2C=C[C@@H](C2)[C@H]1Nc1nc(Nc2cnn(C[C@H]3CCCN3)c2)ncc1Cl,7.548455007,test,53
NC(=O)[C@H]1[C@@H]2C=C[C@@H](C2)[C@H]1Nc1nc(Nc2cnn(Cc3ccccc3)c2)ncc1Cl,7.731720779,test,53
NC(=O)c1c(-c2ccc(NC(=O)Nc3cc(C(F)(F)F)ccc3F)cc2)nsc1NC(=O)NCCCN1CCOCC1,8.15490196,test,18
Nc1c(-c2nc3cc(OCCN4CCOCC4)ccc3[nH]2)c(=O)[nH]c2ccccc12,7.173925197,test,44
Nc1c(-c2nc3ccc(N4CCOCC4)[nH]c-3n2)c(O)nc2ccccc12,8.045757491,test,6
Nc1c(-c2nc3ccc[nH]c-3n2)c(O)nc2cnccc12,7.886056648,test,6
Nc1c(-c2nc3ccccc3[nH]2)c(O)nc2cnccc12,8.397940009,test,6
Nc1c(C(=O)c2cc3cc(CN4CCOCC4)ccc3[nH]2)cnn1-c1cc(O)ccc1Cl,8.468521083,test,5
Nc1c(C(=O)c2cc3ccccc3[nH]2)cnn1-c1cc(O)ccc1Cl,7.537602002,test,5
Nc1c(C(=O)c2cc3ccccc3[nH]2)cnn1-c1ccccc1Cl,6.386158178,test,5
Nc1c(C(=O)c2ccc3ncccc3c2)cnn1-c1cc(O)ccc1Cl,5.795608668,test,5
Nc1n[nH]c2cccc(-c3ccc(NC(=O)C4(C(=O)Nc5cc(Br)cc(C(F)(F)F)c5)CC4)cc3)c12,7.447696891,test,4
Nc1n[nH]c2cccc(-c3ccc(NC(=O)C4(C(=O)Nc5cc(C(F)(F)F)cc(C(F)(F)F)c5)CC4)cc3)c12,8.628932138,test,4
Nc1ncc(-c2cccc(Cl)c2)c2occ(-c3ccc(NC(=O)Nc4cc(C(F)(F)F)ccc4F)cc3)c12,6.029653124,test,18
Nc1ncc(-c2cnn(CCO)c2)c2scc(-c3ccc(NC(=O)Nc4cccc(F)c4)cc3)c12,8.48029294,test,14
Nc1ncc(C#Cc2ccc(F)c(C(=O)Nc3cccc(C(F)(F)F)c3)c2)cn1,8.15490196,test,38
Nc1ncc2ccc(-c3ccc(NC(=O)C4(C(=O)Nc5cc(Br)cc(C(F)(F)F)c5)CC4)cc3)cc2n1,7.383314479,test,4
Nc1nccc2scc(-c3ccc(NC(=O)Nc4cccc(F)c4)cc3)c12,7.312809151,test,14
Nc1ncnc2c1N=C(c1ccc(NC(=O)Nc3ccc(F)c(C(F)(F)F)c3)cc1)CCN2,6.460923901,test,17
Nc1ncnc2c1c(-c1cccc(O)c1)cn2C1CCCC1,7.229147988,test,29
Nc1ncnc2c1c(-c1cccc(O)c1)cn2[C@H]1C[C@@H](CN2CCC2)C1,6.355561411,test,29
Nc1ncnc2c1c(-c1cccc(O)c1)cn2[C@H]1C[C@@H](CO)C1,6.821023053,test,29
Nc1noc2cccc(-c3ccc(NC(=O)Nc4cccc(F)c4)cc3)c12,7.657577319,test,14
O=C(CN1CCN(c2cc(=O)[nH]c3ccc(F)cc23)CC1)Nc1nc(-c2ccc(Cl)cc2)cs1,6.767766479,test,49
O=C(CN1CCN(c2cc(=O)[nH]c3ccc(F)cc23)CC1)Nc1nc(-c2ccccc2)cs1,7.320299619,test,49
O=C(CN1CCN(c2cc(=O)n(-c3ccccc3)c3ccccc23)CC1)Nc1nc(-c2ccccc2)cs1,6.650528201,test,49
O=C(CN1CCN(c2nnc(-c3ccccc3)c3ccccc23)CC1)Nc1ccc(Cl)cc1,5.415555693,test,49
O=C(CN1CCN(c2nnc(-c3ccccc3)c3ccccc23)CC1)Nc1cccc(Cl)c1,5.390298898,test,49
O=C(CN1CCN(c2nnc(-c3ccccc3)c3ccccc23)CC1)Nc1nc(-c2ccc(Cl)cc2)cs1,5.507099989,test,49
O=C(CN1CCN(c2nnc(-c3ccccc3)c3ccccc23)CC1)Nc1nc(-c2ccccc2)cs1,5.623240605,test,49
O=C(CN1CCN(c2nnc(-c3ccccc3)c3ccccc23)CC1)Nc1nccs1,5.380802284,test,49
O=C(Cn1cc(-c2ccc3c(NC(=O)C4CC4)n[nH]c3c2)cn1)Nc1cccc(C(F)(F)F)c1F,7.886056648,test,52
O=C(Cn1cc(-c2ccc3c(Nc4cccnc4)n[nH]c3c2)cn1)Nc1ccc(Cl)c(C(F)(F)F)c1,6.049148541,test,52
O=C(NCC(F)(F)F)Nc1cncc(-c2cnc3cc(Cl)ccn23)c1,5.584859648,test,41
O=C(Nc1cc(C2(C(F)(F)F)CC2)on1)n1ccc2cc(Oc3ncnc4c3CNC4)ccc21,8.22184875,test,54
O=C(Nc1cc(C2(CO)CC2)on1)n1ccc2cc(Oc3ncnc4c3CNC4)ccc21,7.723538196,test,54
O=C(Nc1cc(C2CC2)on1)n1ccc2cc(Oc3ncnc4c3CNC4)ccc21,7.568636236,test,54
O=C(Nc1cc(C2CCOCC2)on1)n1ccc2cc(Oc3ncnc4c3CNC4)ccc21,7.860120914,test,54
O=C(Nc1cc(Oc2cc(F)c(NC(=O)C3(C(=O)Nc4ccc(F)cc4)CC3)cc2F)ccn1)C1CC1,7.991399828,test,20
O=C(Nc1ccc(-c2ccc3c(=O)nc[nH]c3c2)cc1)C1(C(=O)Nc2ccc(Cl)c(C(F)(F)F)c2)CCC1,6.52575459,test,4
O=C(Nc1ccc(Nc2ncnc3sc4c(c23)CCCC4)cc1)Nc1ccc(Cl)c(C(F)(F)F)c1,6.696803943,test,23
O=C(Nc1ccc(Nc2ncnc3sc4c(c23)CCCC4)cc1)Nc1cccc(Br)c1,6.507239611,test,23
O=C(Nc1ccc(Nc2ncnc3sc4c(c23)CCOC4)cc1)Nc1ccc(Cl)c(C(F)(F)F)c1,5.601886308,test,23
O=C(Nc1ccc(Oc2ccnc3[nH]ccc23)c(F)c1)c1cc2cccnc2n(-c2ccc(F)cc2)c1=O,6.814457845,test,2
O=C(Nc1ccc(Oc2ccnc3[nH]ccc23)c(F)c1)c1nnn(-c2ccc(F)cc2)c1C(F)(F)F,7.059234564,test,2
O=C(Nc1ccc(Oc2ccnc3[nH]ccc23)cc1)Nc1cccc(C(F)(F)F)c1,8.37675071,test,2
O=C(Nc1cccc(-c2cn(Cc3ccc(-c4cncnc4)cc3)nn2)c1)C1CC1,6.899422697,test,46
O=C(Nc1cccc(-c2cnc3cc(Cl)ccn23)c1)NC1CC1,5.293196903,test,41
O=C(Nc1cccc(Br)c1)Nc1ccc(Oc2ncnc3sccc23)cc1Cl,8,test,24
O=C(Nc1cccc(Oc2ccc3nccn3n2)c1)c1cccc(C(F)(F)F)c1,7.443697499,test,16
O=C(Nc1cccc(Oc2ccc3nccn3n2)c1)c1ccccc1,7.091514981,test,16
O=C(Nc1ccccc1)Nc1ccc(Sc2ccnc3ccsc23)cc1,5.93516778,test,15
O=C(Nc1ccccc1)Nc1cccc(Oc2ccc3nccn3n2)c1,7.27572413,test,16
O=C(Nc1ccccc1)c1cccc(Oc2ccc3nccn3n2)c1,6.19314197,test,16
O=C(O)CCC1CCCc2[nH]c(/C=C3\C(=O)Nc4ccc(Br)cc43)cc21,7.508638306,test,27
O=C(O)CCC1CCCc2[nH]c(/C=C3\C(=O)Nc4ccc(C(=O)O)cc43)cc21,8.301029996,test,27
O=C1Nc2ccc(C(F)(F)F)cc2/C1=C/c1cc2c([nH]1)CCN(C(=O)N1CCOCC1)C2,7.075720714,test,28
O=C1Nc2ccccc2/C1=C/c1cc2c([nH]1)CCC(Br)C2,7.148741651,test,27
O=C1Nc2ccccc2/C1=C/c1ccc2cn[nH]c2c1,5.601886308,test,1
O=C1Nc2ccccc2[C@]12C[C@H]2c1ccc2c(/C=C/c3ccncc3)n[nH]c2c1,5.885722703,test,1
O=S(=O)(Nc1nccs1)c1ccc(Nc2nncc3ccccc23)cc1,8.017728767,test,26
O=c1cc(N2CCNCC2)c2ccccc2n1-c1ccccc1,6.947306058,test,49
c1cc(-c2cnc3c(-c4ccncc4)cnn3c2)ccn1,6.647817482,test,39
c1cc(N2CCNCC2)ccc1-c1cnc2c(-c3cn[nH]c3)cnn2c1,7.823908741,test,39
c1cc(N2CCOCC2)ccc1-c1cnc2c(-c3cn[nH]c3)cnn2c1,8.571865206,test,39
c1ccc(-c2cn(Cc3ccc(-c4cccnc4)cc3)nn2)cc1,7.429924295,test,46
c1ccc(-c2cnc3c(Nc4ccc(N5CCCCC5)cc4)cncc3n2)cc1,5.685922008,test,34
c1ccc(-c2cnc3c(Nc4ccc(N5CCCCC5)cc4)nccc3n2)cc1,5.958212681,test,34
c1ccc(-c2cnc3cncc(Nc4ccc(N5CCCCC5)cc4)c3n2)cc1,5.806597097,test,34
c1ccc(-c2cnn3cc(-c4ccc(N5CCNCC5)cc4)cnc23)cc1,6.666149855,test,39
c1ccc(-c2nc3ccc(Nc4ncnc5ccccc45)cc3[nH]2)cc1,6.080398976,test,51
c1ccc(COc2ccc3c(-c4nc5cc(N6CCC(N7CCCCC7)CC6)ccc5[nH]4)[nH]nc3c2)cc1,7.657577319,test,45
c1ccc2c(-c3cnn4cc(-c5ccc(N6CCNCC6)cc5)cnc34)ccnc2c1,6.666149855,test,39
c1ccc2c(-c3cnn4cc(-c5ccc(N6CCOCC6)cc5)cnc34)ccnc2c1,5.273191317,test,39
c1ccc2c(-c3cnn4cc(-c5ccc(OCCN6CCOCC6)cc5)cnc34)ccnc2c1,5.616364132,test,39
c1ccc2c(-c3nc4cc(-n5ccnc5)ccc4[nH]3)[nH]nc2c1,7.075720714,test,45
c1ccc2c(-c3nc4cc(N5CCOCC5)ccc4[nH]3)[nH]nc2c1,6.793174124,test,45